[2m2026-09-24T07:08:37.275462Z[0m [32m INFO[0m [2mexeclaw[0m[2m:[0m resolved bind address [3maddr[0m[2m=[0m127.0.0.1:3031 [3msource[0m[2m=[0m"cli"
[2m2026-09-24T07:08:37.748012Z[0m [32m INFO[0m [2mexeclaw[0m[2m:[0m core built-in tools registered [3mcount[0m[2m=[0m30
[2m2026-09-24T07:08:37.775243Z[0m [32m INFO[0m [2mexeclaw[0m[2m:[0m skill tools registered [3mcount[0m[2m=[0m8
[2m2026-09-24T07:08:37.776974Z[0m [32m INFO[0m [2mexeclaw[0m[2m:[0m graphify tool registered [3mcount[0m[2m=[0m1
[2m2026-09-24T07:08:37.777839Z[0m [32m INFO[0m [2mexeclaw[0m[2m:[0m graphify tool policy ensured
[2m2026-09-24T07:08:37.779109Z[0m [32m INFO[0m [2mexeclaw[0m[2m:[0m graphiti tool registered [3mcount[0m[2m=[0m1
[2m2026-09-24T07:08:37.779492Z[0m [32m INFO[0m [2mexeclaw[0m[2m:[0m graphiti tool policy ensured
[2m2026-09-24T07:08:37.780625Z[0m [32m INFO[0m [2mexeclaw[0m[2m:[0m wiki_lifecycle tool registered [3mcount[0m[2m=[0m1
[2m2026-09-24T07:08:37.781026Z[0m [32m INFO[0m [2mexeclaw[0m[2m:[0m wiki_lifecycle tool policy ensured
[2m2026-09-24T07:08:37.782571Z[0m [32m INFO[0m [2mexeclaw[0m[2m:[0m tool-chain tools registered [3mcount[0m[2m=[0m3
[2m2026-09-24T07:08:37.793079Z[0m [32m INFO[0m [2mexeclaw[0m[2m:[0m tool_access sync complete [3mrows_synced[0m[2m=[0m55
[2m2026-09-24T07:08:37.793505Z[0m [33m WARN[0m [2mexeclaw[0m[2m:[0m webauthn relying-party build failed; falling back to password-only login [3mrp_id[0m[2m=[0m"localhost" [3morigin[0m[2m=[0m"http://127.0.0.1:3031" [3merror[0m[2m=[0mwebauthn feature not compiled in
[2m2026-09-24T07:08:37.991675Z[0m [32m INFO[0m [2mexeclaw[0m[2m:[0m runner supervisor enabled [3mimage[0m[2m=[0mexeclaw/runner:dev
[2m2026-09-24T07:08:37.996821Z[0m [32m INFO[0m [2mexeclaw[0m[2m:[0m host-transport registry populated [3mchannels[0m[2m=[0m5
[2m2026-09-24T07:08:37.997615Z[0m [32m INFO[0m [2mexeclaw[0m[2m:[0m script-tier host capabilities attached
[2m2026-09-24T07:08:37.998068Z[0m [32m INFO[0m [2mexeclaw_core::log_retention[0m[2m:[0m log retention sweeper running [3minterval_secs[0m[2m=[0m1800 [3mretention[0m[2m=[0m"policy"
[2m2026-09-24T07:08:37.998087Z[0m [32m INFO[0m [2mexeclaw_server::automation_bus[0m[2m:[0m automation bus dispatcher running
[2m2026-09-24T07:08:37.998125Z[0m [32m INFO[0m [2mexeclaw_core::event_retention[0m[2m:[0m event retention sweeper running [3minterval_secs[0m[2m=[0m7200 [3mretention[0m[2m=[0m"policy"
[2m2026-09-24T07:08:37.998184Z[0m [32m INFO[0m [2mexeclaw_server::automation_bus[0m[2m:[0m automation bus internal poller running [3mpoll_ms[0m[2m=[0m100
[2m2026-09-24T07:08:37.998208Z[0m [32m INFO[0m [2mexeclaw_core::ephemeral_sweeper[0m[2m:[0m ephemeral sweeper running [3minterval_secs[0m[2m=[0m300
[2m2026-09-24T07:08:37.998233Z[0m [32m INFO[0m [2mexeclaw_core::refresh_tokens[0m[2m:[0m refresh-token sweeper running [3minterval_secs[0m[2m=[0m3600
[2m2026-09-24T07:08:37.998243Z[0m [32m INFO[0m [2mexeclaw_server::oauth_sweeper[0m[2m:[0m oauth sweeper running [3minterval_secs[0m[2m=[0m60 [3mslack_secs[0m[2m=[0m600
[2m2026-09-24T07:08:37.998352Z[0m [32m INFO[0m [2mexeclaw_server::routine_runner[0m[2m:[0m routine scheduler running; interval_secs=60
[2m2026-09-24T07:08:37.998580Z[0m [32m INFO[0m [2mexeclaw_server::research::retention[0m[2m:[0m research-retention sweeper running [3minterval_secs[0m[2m=[0m3600 [3mretention[0m[2m=[0m"policy"
[2m2026-09-24T07:08:38.000206Z[0m [32m INFO[0m [2mexeclaw_server::research::supervisor[0m[2m:[0m research supervisor running [3minterval_secs[0m[2m=[0m5
[2m2026-09-24T07:08:38.000490Z[0m [32m INFO[0m [2mexeclaw_core::routine_run_retention[0m[2m:[0m routine-run retention sweeper running [3minterval_secs[0m[2m=[0m3600 [3mretention[0m[2m=[0m"policy"
[2m2026-09-24T07:08:37.998857Z[0m [32m INFO[0m [2mexeclaw_core::bus_event_retention[0m[2m:[0m bus-event-retention sweeper running [3minterval_secs[0m[2m=[0m7200 [3mretention[0m[2m=[0m"policy"
[2m2026-09-24T07:08:37.999208Z[0m [32m INFO[0m [2mexeclaw_server::sidecar_supervisor[0m[2m:[0m sidecar supervisor running [3minterval_secs[0m[2m=[0m5
[2m2026-09-24T07:08:37.999457Z[0m [32m INFO[0m [2mexeclaw[0m[2m:[0m runner supervisor reaper running [3minterval_secs[0m[2m=[0m60 [3mttl_secs[0m[2m=[0m600 [3mmax_turn_secs[0m[2m=[0m3600
[2m2026-09-24T07:08:38.000048Z[0m [32m INFO[0m [2mexeclaw_server::agent_supervisor[0m[2m:[0m always-on agent supervisor running
[2m2026-09-24T07:08:37.998682Z[0m [32m INFO[0m [2mexeclaw_server::research::clarification_listener[0m[2m:[0m clarification_listener: subscribed to event bus
[2m2026-09-24T07:08:38.000574Z[0m [32m INFO[0m [2mexeclaw_server::automation_suggestions_sweeper[0m[2m:[0m automation suggestions sweeper running [3minterval_secs[0m[2m=[0m86400
[2m2026-09-24T07:08:37.999047Z[0m [32m INFO[0m [2mexeclaw_server::backend_supervisor[0m[2m:[0m backend supervisor running [3minterval_secs[0m[2m=[0m5
[2m2026-09-24T07:08:38.030257Z[0m [32m INFO[0m [2mexeclaw[0m[2m:[0m execlaw server listening [3maddr[0m[2m=[0m127.0.0.1:3031
[2m2026-09-24T07:08:38.510092Z[0m [33m WARN[0m [2minference_resolver[0m[2m:[0m configured inference endpoint denied by local-only policy [3mpurpose[0m[2m=[0mStandard [3merror[0m[2m=[0mDNS name "host.docker.internal" is not operator-approved
[2m2026-09-24T07:08:38.510564Z[0m [32m INFO[0m [2mexeclaw[0m[2m:[0m prewarm skipped: no inference backend configured (controller runner will spawn lazily on first chat)
[2m2026-09-24T07:08:40.223205Z[0m [32m INFO[0m [2mexeclaw_script::primitives[0m[2m:[0m discord: subscribing to gateway at wss://gateway.discord.gg [3mplugin_id[0m[2m=[0mdiscord
[2m2026-09-24T07:08:40.224637Z[0m [32m INFO[0m [2mexeclaw_script::primitives[0m[2m:[0m sms-socket: no api_key in vault — visit Settings → Plugins → SMS Socket to configure [3mplugin_id[0m[2m=[0msms-socket
[2m2026-09-24T07:08:40.225093Z[0m [33m WARN[0m [2mexeclaw_server::python_sandbox::wiring[0m[2m:[0m python_sandbox: kernel-gateway sidecar not ready; python.* tools will be unavailable this boot. Install the plugin or check supervisor logs.
[2m2026-09-24T07:08:40.487003Z[0m [32m INFO[0m [2mhost_caps::ws[0m[2m:[0m connected [3murl[0m[2m=[0mwss://gateway.discord.gg/?v=10&encoding=json
[2m2026-09-24T07:08:40.487507Z[0m [32m INFO[0m [2mhost_caps::ws[0m[2m:[0m <<< text frame [3murl[0m[2m=[0mwss://gateway.discord.gg/?v=10&encoding=json [3mlen[0m[2m=[0m128 [3mpreview[0m[2m=[0m{"t":null,"s":null,"op":10,"d":{"heartbeat_interval":41250,"_trace":["[\"gateway-prd-arm-us-east1-c-p55j\",{\"micros\":0.0}]"]}}
[2m2026-09-24T07:08:40.488371Z[0m [32m INFO[0m [2mexeclaw_script::primitives[0m[2m:[0m discord: Hello received; heartbeat_interval=41250ms [3mplugin_id[0m[2m=[0mdiscord
[2m2026-09-24T07:08:40.489234Z[0m [32m INFO[0m [2mexeclaw_script::primitives[0m[2m:[0m discord: Identify sent [3mplugin_id[0m[2m=[0mdiscord
[2m2026-09-24T07:08:40.489327Z[0m [32m INFO[0m [2mhost_caps::ws[0m[2m:[0m >>> text frame [3murl[0m[2m=[0mwss://gateway.discord.gg/?v=10&encoding=json [3mlen[0m[2m=[0m252 [3mpreview[0m[2m=[0m{"d":{"intents":37377,"presence":{"activities":[],"afk":false,"since":null,"status":"online"},"properties":{"browser":"execlaw","device":"execlaw","os":"linux"},"token":"MTU1MTczNzMxMDA1ODY1MTczOQ.GYkJo3.5cUvZUBm5e1rFhG0XTWlsvpk3r6j7-o0ecaRhU"},"op":2}
[2m2026-09-24T07:08:40.785238Z[0m [32m INFO[0m [2mhost_caps::ws[0m[2m:[0m <<< text frame [3murl[0m[2m=[0mwss://gateway.discord.gg/?v=10&encoding=json [3mlen[0m[2m=[0m2128 [3mpreview[0m[2m=[0m{"t":"READY","s":1,"op":0,"d":{"v":10,"user_settings":{},"user":{"verified":true,"username":"Polypus","primary_guild":null,"mfa_enabled":false,"id":"1551737310058651739","global_name":null,"flags":0,"email":null,"discriminator":"4335","clan":null,"bot":true,"avatar":null},"session_type":"normal","session_id":"ecf40dbce0d0f071959c85bde36ef860","resume_gateway_url":"wss://gateway-us-east1-c.discord.…[+1728 bytes]
[2m2026-09-24T07:08:40.787326Z[0m [32m INFO[0m [2mexeclaw_script::primitives[0m[2m:[0m discord: Ready — bot=Polypus session=ecf40dbce0d0f071959c85bde36ef860 [3mplugin_id[0m[2m=[0mdiscord
[2m2026-09-24T07:09:21.107714Z[0m [32m INFO[0m [2mhost_caps::ws[0m[2m:[0m >>> text frame [3murl[0m[2m=[0mwss://gateway.discord.gg/?v=10&encoding=json [3mlen[0m[2m=[0m14 [3mpreview[0m[2m=[0m{"op":1,"d":1}
[2m2026-09-24T07:09:21.219508Z[0m [32m INFO[0m [2mhost_caps::ws[0m[2m:[0m <<< text frame [3murl[0m[2m=[0mwss://gateway.discord.gg/?v=10&encoding=json [3mlen[0m[2m=[0m36 [3mpreview[0m[2m=[0m{"t":null,"s":null,"op":11,"d":null}
[2m2026-09-24T07:10:02.379810Z[0m [32m INFO[0m [2mhost_caps::ws[0m[2m:[0m >>> text frame [3murl[0m[2m=[0mwss://gateway.discord.gg/?v=10&encoding=json [3mlen[0m[2m=[0m14 [3mpreview[0m[2m=[0m{"op":1,"d":1}
[2m2026-09-24T07:10:02.490903Z[0m [32m INFO[0m [2mhost_caps::ws[0m[2m:[0m <<< text frame [3murl[0m[2m=[0mwss://gateway.discord.gg/?v=10&encoding=json [3mlen[0m[2m=[0m36 [3mpreview[0m[2m=[0m{"t":null,"s":null,"op":11,"d":null}
[2m2026-09-24T07:10:43.641734Z[0m [32m INFO[0m [2mhost_caps::ws[0m[2m:[0m >>> text frame [3murl[0m[2m=[0mwss://gateway.discord.gg/?v=10&encoding=json [3mlen[0m[2m=[0m14 [3mpreview[0m[2m=[0m{"op":1,"d":1}
[2m2026-09-24T07:10:43.750981Z[0m [32m INFO[0m [2mhost_caps::ws[0m[2m:[0m <<< text frame [3murl[0m[2m=[0mwss://gateway.discord.gg/?v=10&encoding=json [3mlen[0m[2m=[0m36 [3mpreview[0m[2m=[0m{"t":null,"s":null,"op":11,"d":null}
[2m2026-09-24T07:11:24.909982Z[0m [32m INFO[0m [2mhost_caps::ws[0m[2m:[0m >>> text frame [3murl[0m[2m=[0mwss://gateway.discord.gg/?v=10&encoding=json [3mlen[0m[2m=[0m14 [3mpreview[0m[2m=[0m{"op":1,"d":1}
[2m2026-09-24T07:11:25.023504Z[0m [32m INFO[0m [2mhost_caps::ws[0m[2m:[0m <<< text frame [3murl[0m[2m=[0mwss://gateway.discord.gg/?v=10&encoding=json [3mlen[0m[2m=[0m36 [3mpreview[0m[2m=[0m{"t":null,"s":null,"op":11,"d":null}
[2m2026-09-24T07:12:06.177244Z[0m [32m INFO[0m [2mhost_caps::ws[0m[2m:[0m >>> text frame [3murl[0m[2m=[0mwss://gateway.discord.gg/?v=10&encoding=json [3mlen[0m[2m=[0m14 [3mpreview[0m[2m=[0m{"op":1,"d":1}
[2m2026-09-24T07:12:06.287315Z[0m [32m INFO[0m [2mhost_caps::ws[0m[2m:[0m <<< text frame [3murl[0m[2m=[0mwss://gateway.discord.gg/?v=10&encoding=json [3mlen[0m[2m=[0m36 [3mpreview[0m[2m=[0m{"t":null,"s":null,"op":11,"d":null}
[2m2026-09-24T07:12:47.439018Z[0m [32m INFO[0m [2mhost_caps::ws[0m[2m:[0m >>> text frame [3murl[0m[2m=[0mwss://gateway.discord.gg/?v=10&encoding=json [3mlen[0m[2m=[0m14 [3mpreview[0m[2m=[0m{"op":1,"d":1}
[2m2026-09-24T07:12:47.547548Z[0m [32m INFO[0m [2mhost_caps::ws[0m[2m:[0m <<< text frame [3murl[0m[2m=[0mwss://gateway.discord.gg/?v=10&encoding=json [3mlen[0m[2m=[0m36 [3mpreview[0m[2m=[0m{"t":null,"s":null,"op":11,"d":null}
[2m2026-09-24T07:13:17.772561Z[0m [33m WARN[0m [2minference_resolver[0m[2m:[0m configured inference endpoint denied by local-only policy [3mpurpose[0m[2m=[0mStandard [3merror[0m[2m=[0mDNS name "host.docker.internal" is not operator-approved
[2m2026-09-24T07:13:28.694033Z[0m [32m INFO[0m [2mhost_caps::ws[0m[2m:[0m >>> text frame [3murl[0m[2m=[0mwss://gateway.discord.gg/?v=10&encoding=json [3mlen[0m[2m=[0m14 [3mpreview[0m[2m=[0m{"op":1,"d":1}
[2m2026-09-24T07:13:28.804608Z[0m [32m INFO[0m [2mhost_caps::ws[0m[2m:[0m <<< text frame [3murl[0m[2m=[0mwss://gateway.discord.gg/?v=10&encoding=json [3mlen[0m[2m=[0m36 [3mpreview[0m[2m=[0m{"t":null,"s":null,"op":11,"d":null}
[2m2026-09-24T07:13:39.539492Z[0m [33m WARN[0m [2minference_resolver[0m[2m:[0m configured inference endpoint denied by local-only policy [3mpurpose[0m[2m=[0mStandard [3merror[0m[2m=[0mDNS name "host.docker.internal" is not operator-approved
[2m2026-09-24T07:13:39.543226Z[0m [33m WARN[0m [2minference_resolver[0m[2m:[0m configured inference endpoint denied by local-only policy [3mpurpose[0m[2m=[0mStandard [3merror[0m[2m=[0mDNS name "host.docker.internal" is not operator-approved
[2m2026-09-24T07:13:39.672385Z[0m [33m WARN[0m [2minference_resolver[0m[2m:[0m configured inference endpoint denied by local-only policy [3mpurpose[0m[2m=[0mStandard [3merror[0m[2m=[0mDNS name "host.docker.internal" is not operator-approved
[2m2026-09-24T07:14:09.951486Z[0m [32m INFO[0m [2mhost_caps::ws[0m[2m:[0m >>> text frame [3murl[0m[2m=[0mwss://gateway.discord.gg/?v=10&encoding=json [3mlen[0m[2m=[0m14 [3mpreview[0m[2m=[0m{"op":1,"d":1}
[2m2026-09-24T07:14:10.069593Z[0m [32m INFO[0m [2mhost_caps::ws[0m[2m:[0m <<< text frame [3murl[0m[2m=[0mwss://gateway.discord.gg/?v=10&encoding=json [3mlen[0m[2m=[0m36 [3mpreview[0m[2m=[0m{"t":null,"s":null,"op":11,"d":null}
[2m2026-09-24T07:14:51.215769Z[0m [32m INFO[0m [2mhost_caps::ws[0m[2m:[0m >>> text frame [3murl[0m[2m=[0mwss://gateway.discord.gg/?v=10&encoding=json [3mlen[0m[2m=[0m14 [3mpreview[0m[2m=[0m{"op":1,"d":1}
[2m2026-09-24T07:14:51.326149Z[0m [32m INFO[0m [2mhost_caps::ws[0m[2m:[0m <<< text frame [3murl[0m[2m=[0mwss://gateway.discord.gg/?v=10&encoding=json [3mlen[0m[2m=[0m36 [3mpreview[0m[2m=[0m{"t":null,"s":null,"op":11,"d":null}
[2m2026-09-24T07:15:14.876865Z[0m [33m WARN[0m [2minference_resolver[0m[2m:[0m configured inference endpoint denied by local-only policy [3mpurpose[0m[2m=[0mStandard [3merror[0m[2m=[0mDNS name "host.docker.internal" is not operator-approved
[2m2026-09-24T07:15:22.313192Z[0m [33m WARN[0m [2minference_resolver[0m[2m:[0m configured inference endpoint denied by local-only policy [3mpurpose[0m[2m=[0mStandard [3merror[0m[2m=[0mDNS name "host.docker.internal" is not operator-approved
[2m2026-09-24T07:15:22.315777Z[0m [33m WARN[0m [2minference_resolver[0m[2m:[0m configured inference endpoint denied by local-only policy [3mpurpose[0m[2m=[0mStandard [3merror[0m[2m=[0mDNS name "host.docker.internal" is not operator-approved
[2m2026-09-24T07:15:32.469706Z[0m [32m INFO[0m [2mhost_caps::ws[0m[2m:[0m >>> text frame [3murl[0m[2m=[0mwss://gateway.discord.gg/?v=10&encoding=json [3mlen[0m[2m=[0m14 [3mpreview[0m[2m=[0m{"op":1,"d":1}
[2m2026-09-24T07:15:32.578322Z[0m [32m INFO[0m [2mhost_caps::ws[0m[2m:[0m <<< text frame [3murl[0m[2m=[0mwss://gateway.discord.gg/?v=10&encoding=json [3mlen[0m[2m=[0m36 [3mpreview[0m[2m=[0m{"t":null,"s":null,"op":11,"d":null}
[2m2026-09-24T07:16:13.731083Z[0m [32m INFO[0m [2mhost_caps::ws[0m[2m:[0m >>> text frame [3murl[0m[2m=[0mwss://gateway.discord.gg/?v=10&encoding=json [3mlen[0m[2m=[0m14 [3mpreview[0m[2m=[0m{"op":1,"d":1}
[2m2026-09-24T07:16:13.840622Z[0m [32m INFO[0m [2mhost_caps::ws[0m[2m:[0m <<< text frame [3murl[0m[2m=[0mwss://gateway.discord.gg/?v=10&encoding=json [3mlen[0m[2m=[0m36 [3mpreview[0m[2m=[0m{"t":null,"s":null,"op":11,"d":null}
[2m2026-09-24T07:16:33.750615Z[0m [31mERROR[0m [2mtower_http::trace::on_failure[0m[2m:[0m response failed [3mclassification[0m[2m=[0mStatus code: 503 Service Unavailable [3mlatency[0m[2m=[0m0 ms
[2m2026-09-24T07:16:49.931602Z[0m [33m WARN[0m [2minference_resolver[0m[2m:[0m configured inference endpoint denied by local-only policy [3mpurpose[0m[2m=[0mStandard [3merror[0m[2m=[0mDNS name "host.docker.internal" is not operator-approved
[2m2026-09-24T07:16:54.987572Z[0m [32m INFO[0m [2mhost_caps::ws[0m[2m:[0m >>> text frame [3murl[0m[2m=[0mwss://gateway.discord.gg/?v=10&encoding=json [3mlen[0m[2m=[0m14 [3mpreview[0m[2m=[0m{"op":1,"d":1}
[2m2026-09-24T07:16:55.099613Z[0m [32m INFO[0m [2mhost_caps::ws[0m[2m:[0m <<< text frame [3murl[0m[2m=[0mwss://gateway.discord.gg/?v=10&encoding=json [3mlen[0m[2m=[0m36 [3mpreview[0m[2m=[0m{"t":null,"s":null,"op":11,"d":null}
[2m2026-09-24T07:17:36.242755Z[0m [32m INFO[0m [2mhost_caps::ws[0m[2m:[0m >>> text frame [3murl[0m[2m=[0mwss://gateway.discord.gg/?v=10&encoding=json [3mlen[0m[2m=[0m14 [3mpreview[0m[2m=[0m{"op":1,"d":1}
[2m2026-09-24T07:17:36.354130Z[0m [32m INFO[0m [2mhost_caps::ws[0m[2m:[0m <<< text frame [3murl[0m[2m=[0mwss://gateway.discord.gg/?v=10&encoding=json [3mlen[0m[2m=[0m36 [3mpreview[0m[2m=[0m{"t":null,"s":null,"op":11,"d":null}
[2m2026-09-24T07:18:17.505233Z[0m [32m INFO[0m [2mhost_caps::ws[0m[2m:[0m >>> text frame [3murl[0m[2m=[0mwss://gateway.discord.gg/?v=10&encoding=json [3mlen[0m[2m=[0m14 [3mpreview[0m[2m=[0m{"op":1,"d":1}
[2m2026-09-24T07:18:17.615885Z[0m [32m INFO[0m [2mhost_caps::ws[0m[2m:[0m <<< text frame [3murl[0m[2m=[0mwss://gateway.discord.gg/?v=10&encoding=json [3mlen[0m[2m=[0m36 [3mpreview[0m[2m=[0m{"t":null,"s":null,"op":11,"d":null}
[2m2026-09-24T07:18:24.384668Z[0m [32m INFO[0m [2mexeclaw_plugin_host::host[0m[2m:[0m plugin installed [3mplugin_id[0m[2m=[0m"whatsapp" [3mversion[0m[2m=[0m"0.2.16"
[2m2026-09-24T07:18:29.302398Z[0m [32m INFO[0m [2mexeclaw_container_manager::service[0m[2m:[0m image pull started [3mimage[0m[2m=[0masternic/wuzapi:latest [3mcontainer[0m[2m=[0mexeclaw-sidecar-whatsapp-wuzapi
[2m2026-09-24T07:18:30.389108Z[0m [32m INFO[0m [2mexeclaw_container_manager::service[0m[2m:[0m image pull progress [3mimage[0m[2m=[0masternic/wuzapi:latest [3mlayer[0m[2m=[0mSome("latest") [3mstatus[0m[2m=[0mPulling from asternic/wuzapi [3mevent_count[0m[2m=[0m1
[2m2026-09-24T07:18:30.820837Z[0m [32m INFO[0m [2mexeclaw_container_manager::service[0m[2m:[0m image pull progress [3mimage[0m[2m=[0masternic/wuzapi:latest [3mlayer[0m[2m=[0mSome("ec4f445a4259") [3mstatus[0m[2m=[0mPulling fs layer [3mevent_count[0m[2m=[0m2
[2m2026-09-24T07:18:31.034683Z[0m [32m INFO[0m [2mexeclaw_container_manager::service[0m[2m:[0m image pull progress [3mimage[0m[2m=[0masternic/wuzapi:latest [3mlayer[0m[2m=[0mSome("e110e5828b22") [3mstatus[0m[2m=[0mDownload complete [3mevent_count[0m[2m=[0m10
[2m2026-09-24T07:18:31.338719Z[0m [32m INFO[0m [2mexeclaw_container_manager::service[0m[2m:[0m image pull progress [3mimage[0m[2m=[0masternic/wuzapi:latest [3mlayer[0m[2m=[0mSome("ec4f445a4259") [3mstatus[0m[2m=[0mDownloading [3mevent_count[0m[2m=[0m11
[2m2026-09-24T07:18:31.744903Z[0m [32m INFO[0m [2mexeclaw_container_manager::service[0m[2m:[0m image pull progress [3mimage[0m[2m=[0masternic/wuzapi:latest [3mlayer[0m[2m=[0mSome("ec4f445a4259") [3mstatus[0m[2m=[0mDownload complete [3mevent_count[0m[2m=[0m19
[2m2026-09-24T07:18:31.745918Z[0m [32m INFO[0m [2mexeclaw_container_manager::service[0m[2m:[0m image pull progress [3mimage[0m[2m=[0masternic/wuzapi:latest [3mlayer[0m[2m=[0mSome("a8ac7f6c67ab") [3mstatus[0m[2m=[0mDownloading [3mevent_count[0m[2m=[0m20
[2m2026-09-24T07:18:32.146605Z[0m [32m INFO[0m [2mexeclaw_container_manager::service[0m[2m:[0m image pull progress [3mimage[0m[2m=[0masternic/wuzapi:latest [3mlayer[0m[2m=[0mSome("0208ce1b0ec3") [3mstatus[0m[2m=[0mDownload complete [3mevent_count[0m[2m=[0m29
[2m2026-09-24T07:18:32.245195Z[0m [32m INFO[0m [2mexeclaw_container_manager::service[0m[2m:[0m image pull progress [3mimage[0m[2m=[0masternic/wuzapi:latest [3mlayer[0m[2m=[0mSome("a8ac7f6c67ab") [3mstatus[0m[2m=[0mDownloading [3mevent_count[0m[2m=[0m30
[2m2026-09-24T07:18:34.614508Z[0m [32m INFO[0m [2mexeclaw_plugin_host::host[0m[2m:[0m plugin installed [3mplugin_id[0m[2m=[0m"signal" [3mversion[0m[2m=[0m"0.5.3"
[2m2026-09-24T07:18:34.736588Z[0m [32m INFO[0m [2mexeclaw_container_manager::service[0m[2m:[0m image pull progress [3mimage[0m[2m=[0masternic/wuzapi:latest [3mlayer[0m[2m=[0mSome("3b5c7aa659ac") [3mstatus[0m[2m=[0mDownload complete [3mevent_count[0m[2m=[0m100
[2m2026-09-24T07:18:34.845810Z[0m [32m INFO[0m [2mexeclaw_container_manager::service[0m[2m:[0m image pull progress [3mimage[0m[2m=[0masternic/wuzapi:latest [3mlayer[0m[2m=[0mSome("a8ac7f6c67ab") [3mstatus[0m[2m=[0mDownloading [3mevent_count[0m[2m=[0m101
[2m2026-09-24T07:18:39.634882Z[0m [32m INFO[0m [2mexeclaw_container_manager::service[0m[2m:[0m image pull progress [3mimage[0m[2m=[0masternic/wuzapi:latest [3mlayer[0m[2m=[0mSome("a6a1a428e466") [3mstatus[0m[2m=[0mDownload complete [3mevent_count[0m[2m=[0m238
[2m2026-09-24T07:18:39.637685Z[0m [32m INFO[0m [2mexeclaw_container_manager::service[0m[2m:[0m image pull progress [3mimage[0m[2m=[0masternic/wuzapi:latest [3mlayer[0m[2m=[0mSome("85ad29072578") [3mstatus[0m[2m=[0mDownloading [3mevent_count[0m[2m=[0m240
[2m2026-09-24T07:18:39.675349Z[0m [32m INFO[0m [2mexeclaw_container_manager::service[0m[2m:[0m image pull progress [3mimage[0m[2m=[0masternic/wuzapi:latest [3mlayer[0m[2m=[0mSome("a8ac7f6c67ab") [3mstatus[0m[2m=[0mExtracting [3mevent_count[0m[2m=[0m242
[2m2026-09-24T07:18:39.733022Z[0m [32m INFO[0m [2mexeclaw_container_manager::service[0m[2m:[0m image pull progress [3mimage[0m[2m=[0masternic/wuzapi:latest [3mlayer[0m[2m=[0mSome("85ad29072578") [3mstatus[0m[2m=[0mDownloading [3mevent_count[0m[2m=[0m243
[2m2026-09-24T07:18:39.778271Z[0m [32m INFO[0m [2mexeclaw_container_manager::service[0m[2m:[0m image pull progress [3mimage[0m[2m=[0masternic/wuzapi:latest [3mlayer[0m[2m=[0mSome("a8ac7f6c67ab") [3mstatus[0m[2m=[0mExtracting [3mevent_count[0m[2m=[0m245
[2m2026-09-24T07:18:39.841130Z[0m [32m INFO[0m [2mexeclaw_container_manager::service[0m[2m:[0m image pull progress [3mimage[0m[2m=[0masternic/wuzapi:latest [3mlayer[0m[2m=[0mSome("85ad29072578") [3mstatus[0m[2m=[0mDownloading [3mevent_count[0m[2m=[0m246
[2m2026-09-24T07:18:39.841820Z[0m [32m INFO[0m [2mexeclaw_container_manager::service[0m[2m:[0m image pull progress [3mimage[0m[2m=[0masternic/wuzapi:latest [3mlayer[0m[2m=[0mSome("44136fa355b3") [3mstatus[0m[2m=[0mAlready exists [3mevent_count[0m[2m=[0m247
[2m2026-09-24T07:18:39.871278Z[0m [32m INFO[0m [2mexeclaw_container_manager::service[0m[2m:[0m image pull progress [3mimage[0m[2m=[0masternic/wuzapi:latest [3mlayer[0m[2m=[0mSome("a8ac7f6c67ab") [3mstatus[0m[2m=[0mExtracting [3mevent_count[0m[2m=[0m248
[2m2026-09-24T07:18:39.935852Z[0m [32m INFO[0m [2mexeclaw_container_manager::service[0m[2m:[0m image pull progress [3mimage[0m[2m=[0masternic/wuzapi:latest [3mlayer[0m[2m=[0mSome("85ad29072578") [3mstatus[0m[2m=[0mDownloading [3mevent_count[0m[2m=[0m249
[2m2026-09-24T07:18:39.942232Z[0m [32m INFO[0m [2mexeclaw_container_manager::service[0m[2m:[0m image pull progress [3mimage[0m[2m=[0masternic/wuzapi:latest [3mlayer[0m[2m=[0mSome("d1b87fe0f20c") [3mstatus[0m[2m=[0mDownload complete [3mevent_count[0m[2m=[0m250
[2m2026-09-24T07:18:39.996180Z[0m [32m INFO[0m [2mexeclaw_container_manager::service[0m[2m:[0m image pull progress [3mimage[0m[2m=[0masternic/wuzapi:latest [3mlayer[0m[2m=[0mSome("a8ac7f6c67ab") [3mstatus[0m[2m=[0mExtracting [3mevent_count[0m[2m=[0m251
[2m2026-09-24T07:18:40.035058Z[0m [32m INFO[0m [2mexeclaw_container_manager::service[0m[2m:[0m image pull progress [3mimage[0m[2m=[0masternic/wuzapi:latest [3mlayer[0m[2m=[0mSome("85ad29072578") [3mstatus[0m[2m=[0mDownloading [3mevent_count[0m[2m=[0m252
[2m2026-09-24T07:18:40.083073Z[0m [32m INFO[0m [2mexeclaw_container_manager::service[0m[2m:[0m image pull progress [3mimage[0m[2m=[0masternic/wuzapi:latest [3mlayer[0m[2m=[0mSome("a8ac7f6c67ab") [3mstatus[0m[2m=[0mExtracting [3mevent_count[0m[2m=[0m253
[2m2026-09-24T07:18:40.137474Z[0m [32m INFO[0m [2mexeclaw_container_manager::service[0m[2m:[0m image pull progress [3mimage[0m[2m=[0masternic/wuzapi:latest [3mlayer[0m[2m=[0mSome("85ad29072578") [3mstatus[0m[2m=[0mDownloading [3mevent_count[0m[2m=[0m254
[2m2026-09-24T07:18:40.162244Z[0m [32m INFO[0m [2mexeclaw_container_manager::service[0m[2m:[0m image pull progress [3mimage[0m[2m=[0masternic/wuzapi:latest [3mlayer[0m[2m=[0mSome("a8ac7f6c67ab") [3mstatus[0m[2m=[0mExtracting [3mevent_count[0m[2m=[0m255
[2m2026-09-24T07:18:40.234524Z[0m [32m INFO[0m [2mexeclaw_container_manager::service[0m[2m:[0m image pull progress [3mimage[0m[2m=[0masternic/wuzapi:latest [3mlayer[0m[2m=[0mSome("85ad29072578") [3mstatus[0m[2m=[0mDownloading [3mevent_count[0m[2m=[0m256
[2m2026-09-24T07:18:40.235358Z[0m [32m INFO[0m [2mexeclaw_container_manager::service[0m[2m:[0m image pull progress [3mimage[0m[2m=[0masternic/wuzapi:latest [3mlayer[0m[2m=[0mSome("f3413772da47") [3mstatus[0m[2m=[0mDownload complete [3mevent_count[0m[2m=[0m257
[2m2026-09-24T07:18:40.273290Z[0m [32m INFO[0m [2mexeclaw_container_manager::service[0m[2m:[0m image pull progress [3mimage[0m[2m=[0masternic/wuzapi:latest [3mlayer[0m[2m=[0mSome("a8ac7f6c67ab") [3mstatus[0m[2m=[0mExtracting [3mevent_count[0m[2m=[0m258
[2m2026-09-24T07:18:40.348197Z[0m [32m INFO[0m [2mexeclaw_container_manager::service[0m[2m:[0m image pull progress [3mimage[0m[2m=[0masternic/wuzapi:latest [3mlayer[0m[2m=[0mSome("85ad29072578") [3mstatus[0m[2m=[0mDownloading [3mevent_count[0m[2m=[0m259
[2m2026-09-24T07:18:40.383708Z[0m [32m INFO[0m [2mexeclaw_container_manager::service[0m[2m:[0m image pull progress [3mimage[0m[2m=[0masternic/wuzapi:latest [3mlayer[0m[2m=[0mSome("a8ac7f6c67ab") [3mstatus[0m[2m=[0mExtracting [3mevent_count[0m[2m=[0m260
[2m2026-09-24T07:18:40.439956Z[0m [32m INFO[0m [2mexeclaw_container_manager::service[0m[2m:[0m image pull progress [3mimage[0m[2m=[0masternic/wuzapi:latest [3mlayer[0m[2m=[0mSome("85ad29072578") [3mstatus[0m[2m=[0mDownloading [3mevent_count[0m[2m=[0m261
[2m2026-09-24T07:18:40.490478Z[0m [32m INFO[0m [2mexeclaw_container_manager::service[0m[2m:[0m image pull progress [3mimage[0m[2m=[0masternic/wuzapi:latest [3mlayer[0m[2m=[0mSome("a8ac7f6c67ab") [3mstatus[0m[2m=[0mExtracting [3mevent_count[0m[2m=[0m262
[2m2026-09-24T07:18:40.535889Z[0m [32m INFO[0m [2mexeclaw_container_manager::service[0m[2m:[0m image pull progress [3mimage[0m[2m=[0masternic/wuzapi:latest [3mlayer[0m[2m=[0mSome("85ad29072578") [3mstatus[0m[2m=[0mDownloading [3mevent_count[0m[2m=[0m263
[2m2026-09-24T07:18:40.568702Z[0m [32m INFO[0m [2mexeclaw_container_manager::service[0m[2m:[0m image pull progress [3mimage[0m[2m=[0masternic/wuzapi:latest [3mlayer[0m[2m=[0mSome("a8ac7f6c67ab") [3mstatus[0m[2m=[0mExtracting [3mevent_count[0m[2m=[0m264
[2m2026-09-24T07:18:40.634879Z[0m [32m INFO[0m [2mexeclaw_container_manager::service[0m[2m:[0m image pull progress [3mimage[0m[2m=[0masternic/wuzapi:latest [3mlayer[0m[2m=[0mSome("85ad29072578") [3mstatus[0m[2m=[0mDownloading [3mevent_count[0m[2m=[0m265
[2m2026-09-24T07:18:40.680097Z[0m [32m INFO[0m [2mexeclaw_container_manager::service[0m[2m:[0m image pull progress [3mimage[0m[2m=[0masternic/wuzapi:latest [3mlayer[0m[2m=[0mSome("a8ac7f6c67ab") [3mstatus[0m[2m=[0mExtracting [3mevent_count[0m[2m=[0m266
[2m2026-09-24T07:18:40.739175Z[0m [32m INFO[0m [2mexeclaw_container_manager::service[0m[2m:[0m image pull progress [3mimage[0m[2m=[0masternic/wuzapi:latest [3mlayer[0m[2m=[0mSome("85ad29072578") [3mstatus[0m[2m=[0mDownloading [3mevent_count[0m[2m=[0m267
[2m2026-09-24T07:18:40.798130Z[0m [32m INFO[0m [2mexeclaw_container_manager::service[0m[2m:[0m image pull progress [3mimage[0m[2m=[0masternic/wuzapi:latest [3mlayer[0m[2m=[0mSome("a8ac7f6c67ab") [3mstatus[0m[2m=[0mExtracting [3mevent_count[0m[2m=[0m268
[2m2026-09-24T07:18:40.835694Z[0m [32m INFO[0m [2mexeclaw_container_manager::service[0m[2m:[0m image pull progress [3mimage[0m[2m=[0masternic/wuzapi:latest [3mlayer[0m[2m=[0mSome("85ad29072578") [3mstatus[0m[2m=[0mDownloading [3mevent_count[0m[2m=[0m269
[2m2026-09-24T07:18:40.882408Z[0m [32m INFO[0m [2mexeclaw_container_manager::service[0m[2m:[0m image pull progress [3mimage[0m[2m=[0masternic/wuzapi:latest [3mlayer[0m[2m=[0mSome("a8ac7f6c67ab") [3mstatus[0m[2m=[0mExtracting [3mevent_count[0m[2m=[0m270
[2m2026-09-24T07:18:40.945123Z[0m [32m INFO[0m [2mexeclaw_container_manager::service[0m[2m:[0m image pull progress [3mimage[0m[2m=[0masternic/wuzapi:latest [3mlayer[0m[2m=[0mSome("85ad29072578") [3mstatus[0m[2m=[0mDownloading [3mevent_count[0m[2m=[0m271
[2m2026-09-24T07:18:40.985950Z[0m [32m INFO[0m [2mexeclaw_container_manager::service[0m[2m:[0m image pull progress [3mimage[0m[2m=[0masternic/wuzapi:latest [3mlayer[0m[2m=[0mSome("a8ac7f6c67ab") [3mstatus[0m[2m=[0mExtracting [3mevent_count[0m[2m=[0m272
[2m2026-09-24T07:18:41.034918Z[0m [32m INFO[0m [2mexeclaw_container_manager::service[0m[2m:[0m image pull progress [3mimage[0m[2m=[0masternic/wuzapi:latest [3mlayer[0m[2m=[0mSome("85ad29072578") [3mstatus[0m[2m=[0mDownloading [3mevent_count[0m[2m=[0m273
[2m2026-09-24T07:18:41.084130Z[0m [32m INFO[0m [2mexeclaw_container_manager::service[0m[2m:[0m image pull progress [3mimage[0m[2m=[0masternic/wuzapi:latest [3mlayer[0m[2m=[0mSome("a8ac7f6c67ab") [3mstatus[0m[2m=[0mExtracting [3mevent_count[0m[2m=[0m274
[2m2026-09-24T07:18:41.134433Z[0m [32m INFO[0m [2mexeclaw_container_manager::service[0m[2m:[0m image pull progress [3mimage[0m[2m=[0masternic/wuzapi:latest [3mlayer[0m[2m=[0mSome("85ad29072578") [3mstatus[0m[2m=[0mDownloading [3mevent_count[0m[2m=[0m275
[2m2026-09-24T07:18:41.180037Z[0m [32m INFO[0m [2mexeclaw_container_manager::service[0m[2m:[0m image pull progress [3mimage[0m[2m=[0masternic/wuzapi:latest [3mlayer[0m[2m=[0mSome("a8ac7f6c67ab") [3mstatus[0m[2m=[0mExtracting [3mevent_count[0m[2m=[0m276
[2m2026-09-24T07:18:41.233298Z[0m [32m INFO[0m [2mexeclaw_container_manager::service[0m[2m:[0m image pull progress [3mimage[0m[2m=[0masternic/wuzapi:latest [3mlayer[0m[2m=[0mSome("85ad29072578") [3mstatus[0m[2m=[0mDownloading [3mevent_count[0m[2m=[0m277
[2m2026-09-24T07:18:41.265905Z[0m [32m INFO[0m [2mexeclaw_container_manager::service[0m[2m:[0m image pull progress [3mimage[0m[2m=[0masternic/wuzapi:latest [3mlayer[0m[2m=[0mSome("a8ac7f6c67ab") [3mstatus[0m[2m=[0mExtracting [3mevent_count[0m[2m=[0m278
[2m2026-09-24T07:18:41.336228Z[0m [32m INFO[0m [2mexeclaw_container_manager::service[0m[2m:[0m image pull progress [3mimage[0m[2m=[0masternic/wuzapi:latest [3mlayer[0m[2m=[0mSome("85ad29072578") [3mstatus[0m[2m=[0mDownloading [3mevent_count[0m[2m=[0m279
[2m2026-09-24T07:18:41.367653Z[0m [32m INFO[0m [2mexeclaw_container_manager::service[0m[2m:[0m image pull progress [3mimage[0m[2m=[0masternic/wuzapi:latest [3mlayer[0m[2m=[0mSome("a8ac7f6c67ab") [3mstatus[0m[2m=[0mExtracting [3mevent_count[0m[2m=[0m280
[2m2026-09-24T07:18:41.438980Z[0m [32m INFO[0m [2mexeclaw_container_manager::service[0m[2m:[0m image pull progress [3mimage[0m[2m=[0masternic/wuzapi:latest [3mlayer[0m[2m=[0mSome("85ad29072578") [3mstatus[0m[2m=[0mDownloading [3mevent_count[0m[2m=[0m281
[2m2026-09-24T07:18:41.491184Z[0m [32m INFO[0m [2mexeclaw_container_manager::service[0m[2m:[0m image pull progress [3mimage[0m[2m=[0masternic/wuzapi:latest [3mlayer[0m[2m=[0mSome("a8ac7f6c67ab") [3mstatus[0m[2m=[0mExtracting [3mevent_count[0m[2m=[0m282
[2m2026-09-24T07:18:41.543078Z[0m [32m INFO[0m [2mexeclaw_container_manager::service[0m[2m:[0m image pull progress [3mimage[0m[2m=[0masternic/wuzapi:latest [3mlayer[0m[2m=[0mSome("85ad29072578") [3mstatus[0m[2m=[0mDownloading [3mevent_count[0m[2m=[0m283
[2m2026-09-24T07:18:41.588952Z[0m [32m INFO[0m [2mexeclaw_container_manager::service[0m[2m:[0m image pull progress [3mimage[0m[2m=[0masternic/wuzapi:latest [3mlayer[0m[2m=[0mSome("a8ac7f6c67ab") [3mstatus[0m[2m=[0mExtracting [3mevent_count[0m[2m=[0m284
[2m2026-09-24T07:18:41.634548Z[0m [32m INFO[0m [2mexeclaw_container_manager::service[0m[2m:[0m image pull progress [3mimage[0m[2m=[0masternic/wuzapi:latest [3mlayer[0m[2m=[0mSome("85ad29072578") [3mstatus[0m[2m=[0mDownloading [3mevent_count[0m[2m=[0m285
[2m2026-09-24T07:18:41.691240Z[0m [32m INFO[0m [2mexeclaw_container_manager::service[0m[2m:[0m image pull progress [3mimage[0m[2m=[0masternic/wuzapi:latest [3mlayer[0m[2m=[0mSome("a8ac7f6c67ab") [3mstatus[0m[2m=[0mExtracting [3mevent_count[0m[2m=[0m286
[2m2026-09-24T07:18:41.737748Z[0m [32m INFO[0m [2mexeclaw_container_manager::service[0m[2m:[0m image pull progress [3mimage[0m[2m=[0masternic/wuzapi:latest [3mlayer[0m[2m=[0mSome("85ad29072578") [3mstatus[0m[2m=[0mDownloading [3mevent_count[0m[2m=[0m287
[2m2026-09-24T07:18:41.760589Z[0m [32m INFO[0m [2mexeclaw_container_manager::service[0m[2m:[0m image pull progress [3mimage[0m[2m=[0masternic/wuzapi:latest [3mlayer[0m[2m=[0mSome("a8ac7f6c67ab") [3mstatus[0m[2m=[0mExtracting [3mevent_count[0m[2m=[0m288
[2m2026-09-24T07:18:41.834539Z[0m [32m INFO[0m [2mexeclaw_container_manager::service[0m[2m:[0m image pull progress [3mimage[0m[2m=[0masternic/wuzapi:latest [3mlayer[0m[2m=[0mSome("85ad29072578") [3mstatus[0m[2m=[0mDownloading [3mevent_count[0m[2m=[0m289
[2m2026-09-24T07:18:41.857727Z[0m [32m INFO[0m [2mexeclaw_container_manager::service[0m[2m:[0m image pull progress [3mimage[0m[2m=[0masternic/wuzapi:latest [3mlayer[0m[2m=[0mSome("a8ac7f6c67ab") [3mstatus[0m[2m=[0mExtracting [3mevent_count[0m[2m=[0m290
[2m2026-09-24T07:18:41.932238Z[0m [32m INFO[0m [2mexeclaw_container_manager::service[0m[2m:[0m image pull progress [3mimage[0m[2m=[0masternic/wuzapi:latest [3mlayer[0m[2m=[0mSome("85ad29072578") [3mstatus[0m[2m=[0mDownloading [3mevent_count[0m[2m=[0m291
[2m2026-09-24T07:18:41.979360Z[0m [32m INFO[0m [2mexeclaw_container_manager::service[0m[2m:[0m image pull progress [3mimage[0m[2m=[0masternic/wuzapi:latest [3mlayer[0m[2m=[0mSome("a8ac7f6c67ab") [3mstatus[0m[2m=[0mExtracting [3mevent_count[0m[2m=[0m292
[2m2026-09-24T07:18:42.032565Z[0m [32m INFO[0m [2mexeclaw_container_manager::service[0m[2m:[0m image pull progress [3mimage[0m[2m=[0masternic/wuzapi:latest [3mlayer[0m[2m=[0mSome("85ad29072578") [3mstatus[0m[2m=[0mDownloading [3mevent_count[0m[2m=[0m293
[2m2026-09-24T07:18:42.105278Z[0m [32m INFO[0m [2mexeclaw_container_manager::service[0m[2m:[0m image pull progress [3mimage[0m[2m=[0masternic/wuzapi:latest [3mlayer[0m[2m=[0mSome("a8ac7f6c67ab") [3mstatus[0m[2m=[0mExtracting [3mevent_count[0m[2m=[0m294
[2m2026-09-24T07:18:42.134344Z[0m [32m INFO[0m [2mexeclaw_container_manager::service[0m[2m:[0m image pull progress [3mimage[0m[2m=[0masternic/wuzapi:latest [3mlayer[0m[2m=[0mSome("85ad29072578") [3mstatus[0m[2m=[0mDownloading [3mevent_count[0m[2m=[0m295
[2m2026-09-24T07:18:42.174533Z[0m [32m INFO[0m [2mexeclaw_container_manager::service[0m[2m:[0m image pull progress [3mimage[0m[2m=[0masternic/wuzapi:latest [3mlayer[0m[2m=[0mSome("a8ac7f6c67ab") [3mstatus[0m[2m=[0mExtracting [3mevent_count[0m[2m=[0m296
[2m2026-09-24T07:18:42.232773Z[0m [32m INFO[0m [2mexeclaw_container_manager::service[0m[2m:[0m image pull progress [3mimage[0m[2m=[0masternic/wuzapi:latest [3mlayer[0m[2m=[0mSome("85ad29072578") [3mstatus[0m[2m=[0mDownloading [3mevent_count[0m[2m=[0m297
[2m2026-09-24T07:18:42.277764Z[0m [32m INFO[0m [2mexeclaw_container_manager::service[0m[2m:[0m image pull progress [3mimage[0m[2m=[0masternic/wuzapi:latest [3mlayer[0m[2m=[0mSome("a8ac7f6c67ab") [3mstatus[0m[2m=[0mExtracting [3mevent_count[0m[2m=[0m298
[2m2026-09-24T07:18:42.333563Z[0m [32m INFO[0m [2mexeclaw_container_manager::service[0m[2m:[0m image pull progress [3mimage[0m[2m=[0masternic/wuzapi:latest [3mlayer[0m[2m=[0mSome("85ad29072578") [3mstatus[0m[2m=[0mDownloading [3mevent_count[0m[2m=[0m299
[2m2026-09-24T07:18:42.359545Z[0m [32m INFO[0m [2mexeclaw_container_manager::service[0m[2m:[0m image pull progress [3mimage[0m[2m=[0masternic/wuzapi:latest [3mlayer[0m[2m=[0mSome("a8ac7f6c67ab") [3mstatus[0m[2m=[0mExtracting [3mevent_count[0m[2m=[0m300
[2m2026-09-24T07:18:42.432517Z[0m [32m INFO[0m [2mexeclaw_container_manager::service[0m[2m:[0m image pull progress [3mimage[0m[2m=[0masternic/wuzapi:latest [3mlayer[0m[2m=[0mSome("85ad29072578") [3mstatus[0m[2m=[0mDownloading [3mevent_count[0m[2m=[0m301
[2m2026-09-24T07:18:42.475168Z[0m [32m INFO[0m [2mexeclaw_container_manager::service[0m[2m:[0m image pull progress [3mimage[0m[2m=[0masternic/wuzapi:latest [3mlayer[0m[2m=[0mSome("a8ac7f6c67ab") [3mstatus[0m[2m=[0mExtracting [3mevent_count[0m[2m=[0m302
[2m2026-09-24T07:18:42.535311Z[0m [32m INFO[0m [2mexeclaw_container_manager::service[0m[2m:[0m image pull progress [3mimage[0m[2m=[0masternic/wuzapi:latest [3mlayer[0m[2m=[0mSome("85ad29072578") [3mstatus[0m[2m=[0mDownloading [3mevent_count[0m[2m=[0m303
[2m2026-09-24T07:18:42.565335Z[0m [32m INFO[0m [2mexeclaw_container_manager::service[0m[2m:[0m image pull progress [3mimage[0m[2m=[0masternic/wuzapi:latest [3mlayer[0m[2m=[0mSome("a8ac7f6c67ab") [3mstatus[0m[2m=[0mExtracting [3mevent_count[0m[2m=[0m304
[2m2026-09-24T07:18:42.633062Z[0m [32m INFO[0m [2mexeclaw_container_manager::service[0m[2m:[0m image pull progress [3mimage[0m[2m=[0masternic/wuzapi:latest [3mlayer[0m[2m=[0mSome("85ad29072578") [3mstatus[0m[2m=[0mDownloading [3mevent_count[0m[2m=[0m305
[2m2026-09-24T07:18:42.678411Z[0m [32m INFO[0m [2mexeclaw_container_manager::service[0m[2m:[0m image pull progress [3mimage[0m[2m=[0masternic/wuzapi:latest [3mlayer[0m[2m=[0mSome("a8ac7f6c67ab") [3mstatus[0m[2m=[0mExtracting [3mevent_count[0m[2m=[0m306
[2m2026-09-24T07:18:42.735038Z[0m [32m INFO[0m [2mexeclaw_container_manager::service[0m[2m:[0m image pull progress [3mimage[0m[2m=[0masternic/wuzapi:latest [3mlayer[0m[2m=[0mSome("85ad29072578") [3mstatus[0m[2m=[0mDownloading [3mevent_count[0m[2m=[0m307
[2m2026-09-24T07:18:42.777963Z[0m [32m INFO[0m [2mexeclaw_container_manager::service[0m[2m:[0m image pull progress [3mimage[0m[2m=[0masternic/wuzapi:latest [3mlayer[0m[2m=[0mSome("a8ac7f6c67ab") [3mstatus[0m[2m=[0mExtracting [3mevent_count[0m[2m=[0m308
[2m2026-09-24T07:18:42.838215Z[0m [32m INFO[0m [2mexeclaw_container_manager::service[0m[2m:[0m image pull progress [3mimage[0m[2m=[0masternic/wuzapi:latest [3mlayer[0m[2m=[0mSome("85ad29072578") [3mstatus[0m[2m=[0mDownloading [3mevent_count[0m[2m=[0m309
[2m2026-09-24T07:18:42.868441Z[0m [32m INFO[0m [2mexeclaw_container_manager::service[0m[2m:[0m image pull progress [3mimage[0m[2m=[0masternic/wuzapi:latest [3mlayer[0m[2m=[0mSome("a8ac7f6c67ab") [3mstatus[0m[2m=[0mExtracting [3mevent_count[0m[2m=[0m310
[2m2026-09-24T07:18:42.938744Z[0m [32m INFO[0m [2mexeclaw_container_manager::service[0m[2m:[0m image pull progress [3mimage[0m[2m=[0masternic/wuzapi:latest [3mlayer[0m[2m=[0mSome("85ad29072578") [3mstatus[0m[2m=[0mDownloading [3mevent_count[0m[2m=[0m311
[2m2026-09-24T07:18:42.983480Z[0m [32m INFO[0m [2mexeclaw_container_manager::service[0m[2m:[0m image pull progress [3mimage[0m[2m=[0masternic/wuzapi:latest [3mlayer[0m[2m=[0mSome("a8ac7f6c67ab") [3mstatus[0m[2m=[0mExtracting [3mevent_count[0m[2m=[0m312
[2m2026-09-24T07:18:43.034132Z[0m [32m INFO[0m [2mexeclaw_container_manager::service[0m[2m:[0m image pull progress [3mimage[0m[2m=[0masternic/wuzapi:latest [3mlayer[0m[2m=[0mSome("85ad29072578") [3mstatus[0m[2m=[0mDownloading [3mevent_count[0m[2m=[0m313
[2m2026-09-24T07:18:43.121112Z[0m [32m INFO[0m [2mexeclaw_container_manager::service[0m[2m:[0m image pull progress [3mimage[0m[2m=[0masternic/wuzapi:latest [3mlayer[0m[2m=[0mSome("a8ac7f6c67ab") [3mstatus[0m[2m=[0mExtracting [3mevent_count[0m[2m=[0m314
[2m2026-09-24T07:18:43.148352Z[0m [32m INFO[0m [2mexeclaw_container_manager::service[0m[2m:[0m image pull progress [3mimage[0m[2m=[0masternic/wuzapi:latest [3mlayer[0m[2m=[0mSome("85ad29072578") [3mstatus[0m[2m=[0mDownloading [3mevent_count[0m[2m=[0m315
[2m2026-09-24T07:18:43.200135Z[0m [32m INFO[0m [2mexeclaw_container_manager::service[0m[2m:[0m image pull progress [3mimage[0m[2m=[0masternic/wuzapi:latest [3mlayer[0m[2m=[0mSome("a8ac7f6c67ab") [3mstatus[0m[2m=[0mExtracting [3mevent_count[0m[2m=[0m316
[2m2026-09-24T07:18:43.234654Z[0m [32m INFO[0m [2mexeclaw_container_manager::service[0m[2m:[0m image pull progress [3mimage[0m[2m=[0masternic/wuzapi:latest [3mlayer[0m[2m=[0mSome("85ad29072578") [3mstatus[0m[2m=[0mDownloading [3mevent_count[0m[2m=[0m317
[2m2026-09-24T07:18:43.278163Z[0m [32m INFO[0m [2mexeclaw_container_manager::service[0m[2m:[0m image pull progress [3mimage[0m[2m=[0masternic/wuzapi:latest [3mlayer[0m[2m=[0mSome("a8ac7f6c67ab") [3mstatus[0m[2m=[0mExtracting [3mevent_count[0m[2m=[0m318
[2m2026-09-24T07:18:43.333760Z[0m [32m INFO[0m [2mexeclaw_container_manager::service[0m[2m:[0m image pull progress [3mimage[0m[2m=[0masternic/wuzapi:latest [3mlayer[0m[2m=[0mSome("85ad29072578") [3mstatus[0m[2m=[0mDownloading [3mevent_count[0m[2m=[0m319
[2m2026-09-24T07:18:43.364942Z[0m [32m INFO[0m [2mexeclaw_container_manager::service[0m[2m:[0m image pull progress [3mimage[0m[2m=[0masternic/wuzapi:latest [3mlayer[0m[2m=[0mSome("a8ac7f6c67ab") [3mstatus[0m[2m=[0mExtracting [3mevent_count[0m[2m=[0m320
[2m2026-09-24T07:18:43.432684Z[0m [32m INFO[0m [2mexeclaw_container_manager::service[0m[2m:[0m image pull progress [3mimage[0m[2m=[0masternic/wuzapi:latest [3mlayer[0m[2m=[0mSome("85ad29072578") [3mstatus[0m[2m=[0mDownloading [3mevent_count[0m[2m=[0m321
[2m2026-09-24T07:18:43.485625Z[0m [32m INFO[0m [2mexeclaw_container_manager::service[0m[2m:[0m image pull progress [3mimage[0m[2m=[0masternic/wuzapi:latest [3mlayer[0m[2m=[0mSome("a8ac7f6c67ab") [3mstatus[0m[2m=[0mExtracting [3mevent_count[0m[2m=[0m322
[2m2026-09-24T07:18:43.544250Z[0m [32m INFO[0m [2mexeclaw_container_manager::service[0m[2m:[0m image pull progress [3mimage[0m[2m=[0masternic/wuzapi:latest [3mlayer[0m[2m=[0mSome("85ad29072578") [3mstatus[0m[2m=[0mDownloading [3mevent_count[0m[2m=[0m323
[2m2026-09-24T07:18:43.582496Z[0m [32m INFO[0m [2mexeclaw_container_manager::service[0m[2m:[0m image pull progress [3mimage[0m[2m=[0masternic/wuzapi:latest [3mlayer[0m[2m=[0mSome("a8ac7f6c67ab") [3mstatus[0m[2m=[0mExtracting [3mevent_count[0m[2m=[0m324
[2m2026-09-24T07:18:43.632781Z[0m [32m INFO[0m [2mexeclaw_container_manager::service[0m[2m:[0m image pull progress [3mimage[0m[2m=[0masternic/wuzapi:latest [3mlayer[0m[2m=[0mSome("85ad29072578") [3mstatus[0m[2m=[0mDownloading [3mevent_count[0m[2m=[0m325
[2m2026-09-24T07:18:43.697447Z[0m [32m INFO[0m [2mexeclaw_container_manager::service[0m[2m:[0m image pull progress [3mimage[0m[2m=[0masternic/wuzapi:latest [3mlayer[0m[2m=[0mSome("a8ac7f6c67ab") [3mstatus[0m[2m=[0mExtracting [3mevent_count[0m[2m=[0m326
[2m2026-09-24T07:18:43.734323Z[0m [32m INFO[0m [2mexeclaw_container_manager::service[0m[2m:[0m image pull progress [3mimage[0m[2m=[0masternic/wuzapi:latest [3mlayer[0m[2m=[0mSome("85ad29072578") [3mstatus[0m[2m=[0mDownloading [3mevent_count[0m[2m=[0m327
[2m2026-09-24T07:18:43.783687Z[0m [32m INFO[0m [2mexeclaw_container_manager::service[0m[2m:[0m image pull progress [3mimage[0m[2m=[0masternic/wuzapi:latest [3mlayer[0m[2m=[0mSome("a8ac7f6c67ab") [3mstatus[0m[2m=[0mExtracting [3mevent_count[0m[2m=[0m328
[2m2026-09-24T07:18:43.835777Z[0m [32m INFO[0m [2mexeclaw_container_manager::service[0m[2m:[0m image pull progress [3mimage[0m[2m=[0masternic/wuzapi:latest [3mlayer[0m[2m=[0mSome("85ad29072578") [3mstatus[0m[2m=[0mDownloading [3mevent_count[0m[2m=[0m329
[2m2026-09-24T07:18:43.878857Z[0m [32m INFO[0m [2mexeclaw_container_manager::service[0m[2m:[0m image pull progress [3mimage[0m[2m=[0masternic/wuzapi:latest [3mlayer[0m[2m=[0mSome("a8ac7f6c67ab") [3mstatus[0m[2m=[0mExtracting [3mevent_count[0m[2m=[0m330
[2m2026-09-24T07:18:43.933188Z[0m [32m INFO[0m [2mexeclaw_container_manager::service[0m[2m:[0m image pull progress [3mimage[0m[2m=[0masternic/wuzapi:latest [3mlayer[0m[2m=[0mSome("85ad29072578") [3mstatus[0m[2m=[0mDownloading [3mevent_count[0m[2m=[0m331
[2m2026-09-24T07:18:43.976436Z[0m [32m INFO[0m [2mexeclaw_container_manager::service[0m[2m:[0m image pull progress [3mimage[0m[2m=[0masternic/wuzapi:latest [3mlayer[0m[2m=[0mSome("a8ac7f6c67ab") [3mstatus[0m[2m=[0mExtracting [3mevent_count[0m[2m=[0m332
[2m2026-09-24T07:18:44.033986Z[0m [32m INFO[0m [2mexeclaw_container_manager::service[0m[2m:[0m image pull progress [3mimage[0m[2m=[0masternic/wuzapi:latest [3mlayer[0m[2m=[0mSome("85ad29072578") [3mstatus[0m[2m=[0mDownloading [3mevent_count[0m[2m=[0m333
[2m2026-09-24T07:18:44.089640Z[0m [32m INFO[0m [2mexeclaw_container_manager::service[0m[2m:[0m image pull progress [3mimage[0m[2m=[0masternic/wuzapi:latest [3mlayer[0m[2m=[0mSome("a8ac7f6c67ab") [3mstatus[0m[2m=[0mExtracting [3mevent_count[0m[2m=[0m334
[2m2026-09-24T07:18:44.137263Z[0m [32m INFO[0m [2mexeclaw_container_manager::service[0m[2m:[0m image pull progress [3mimage[0m[2m=[0masternic/wuzapi:latest [3mlayer[0m[2m=[0mSome("85ad29072578") [3mstatus[0m[2m=[0mDownloading [3mevent_count[0m[2m=[0m335
[2m2026-09-24T07:18:44.161402Z[0m [32m INFO[0m [2mexeclaw_container_manager::service[0m[2m:[0m image pull progress [3mimage[0m[2m=[0masternic/wuzapi:latest [3mlayer[0m[2m=[0mSome("a8ac7f6c67ab") [3mstatus[0m[2m=[0mExtracting [3mevent_count[0m[2m=[0m336
[2m2026-09-24T07:18:44.235471Z[0m [32m INFO[0m [2mexeclaw_container_manager::service[0m[2m:[0m image pull progress [3mimage[0m[2m=[0masternic/wuzapi:latest [3mlayer[0m[2m=[0mSome("85ad29072578") [3mstatus[0m[2m=[0mDownloading [3mevent_count[0m[2m=[0m337
[2m2026-09-24T07:18:44.293774Z[0m [32m INFO[0m [2mexeclaw_container_manager::service[0m[2m:[0m image pull progress [3mimage[0m[2m=[0masternic/wuzapi:latest [3mlayer[0m[2m=[0mSome("a8ac7f6c67ab") [3mstatus[0m[2m=[0mExtracting [3mevent_count[0m[2m=[0m338
[2m2026-09-24T07:18:44.337765Z[0m [32m INFO[0m [2mexeclaw_container_manager::service[0m[2m:[0m image pull progress [3mimage[0m[2m=[0masternic/wuzapi:latest [3mlayer[0m[2m=[0mSome("85ad29072578") [3mstatus[0m[2m=[0mDownloading [3mevent_count[0m[2m=[0m339
[2m2026-09-24T07:18:44.380007Z[0m [32m INFO[0m [2mexeclaw_container_manager::service[0m[2m:[0m image pull progress [3mimage[0m[2m=[0masternic/wuzapi:latest [3mlayer[0m[2m=[0mSome("a8ac7f6c67ab") [3mstatus[0m[2m=[0mExtracting [3mevent_count[0m[2m=[0m340
[2m2026-09-24T07:18:44.438212Z[0m [32m INFO[0m [2mexeclaw_container_manager::service[0m[2m:[0m image pull progress [3mimage[0m[2m=[0masternic/wuzapi:latest [3mlayer[0m[2m=[0mSome("85ad29072578") [3mstatus[0m[2m=[0mDownloading [3mevent_count[0m[2m=[0m341
[2m2026-09-24T07:18:44.493674Z[0m [32m INFO[0m [2mexeclaw_container_manager::service[0m[2m:[0m image pull progress [3mimage[0m[2m=[0masternic/wuzapi:latest [3mlayer[0m[2m=[0mSome("a8ac7f6c67ab") [3mstatus[0m[2m=[0mExtracting [3mevent_count[0m[2m=[0m342
[2m2026-09-24T07:18:44.545540Z[0m [32m INFO[0m [2mexeclaw_container_manager::service[0m[2m:[0m image pull progress [3mimage[0m[2m=[0masternic/wuzapi:latest [3mlayer[0m[2m=[0mSome("85ad29072578") [3mstatus[0m[2m=[0mDownloading [3mevent_count[0m[2m=[0m343
[2m2026-09-24T07:18:44.589394Z[0m [32m INFO[0m [2mexeclaw_container_manager::service[0m[2m:[0m image pull progress [3mimage[0m[2m=[0masternic/wuzapi:latest [3mlayer[0m[2m=[0mSome("a8ac7f6c67ab") [3mstatus[0m[2m=[0mExtracting [3mevent_count[0m[2m=[0m344
[2m2026-09-24T07:18:44.632738Z[0m [32m INFO[0m [2mexeclaw_container_manager::service[0m[2m:[0m image pull progress [3mimage[0m[2m=[0masternic/wuzapi:latest [3mlayer[0m[2m=[0mSome("85ad29072578") [3mstatus[0m[2m=[0mDownloading [3mevent_count[0m[2m=[0m345
[2m2026-09-24T07:18:44.686015Z[0m [32m INFO[0m [2mexeclaw_container_manager::service[0m[2m:[0m image pull progress [3mimage[0m[2m=[0masternic/wuzapi:latest [3mlayer[0m[2m=[0mSome("a8ac7f6c67ab") [3mstatus[0m[2m=[0mExtracting [3mevent_count[0m[2m=[0m346
[2m2026-09-24T07:18:44.733460Z[0m [32m INFO[0m [2mexeclaw_container_manager::service[0m[2m:[0m image pull progress [3mimage[0m[2m=[0masternic/wuzapi:latest [3mlayer[0m[2m=[0mSome("85ad29072578") [3mstatus[0m[2m=[0mDownloading [3mevent_count[0m[2m=[0m347
[2m2026-09-24T07:18:44.772038Z[0m [32m INFO[0m [2mexeclaw_container_manager::service[0m[2m:[0m image pull progress [3mimage[0m[2m=[0masternic/wuzapi:latest [3mlayer[0m[2m=[0mSome("a8ac7f6c67ab") [3mstatus[0m[2m=[0mExtracting [3mevent_count[0m[2m=[0m348
[2m2026-09-24T07:18:44.834741Z[0m [32m INFO[0m [2mexeclaw_container_manager::service[0m[2m:[0m image pull progress [3mimage[0m[2m=[0masternic/wuzapi:latest [3mlayer[0m[2m=[0mSome("85ad29072578") [3mstatus[0m[2m=[0mDownloading [3mevent_count[0m[2m=[0m349
[2m2026-09-24T07:18:44.883154Z[0m [32m INFO[0m [2mexeclaw_container_manager::service[0m[2m:[0m image pull progress [3mimage[0m[2m=[0masternic/wuzapi:latest [3mlayer[0m[2m=[0mSome("a8ac7f6c67ab") [3mstatus[0m[2m=[0mExtracting [3mevent_count[0m[2m=[0m350
[2m2026-09-24T07:18:44.933099Z[0m [32m INFO[0m [2mexeclaw_container_manager::service[0m[2m:[0m image pull progress [3mimage[0m[2m=[0masternic/wuzapi:latest [3mlayer[0m[2m=[0mSome("85ad29072578") [3mstatus[0m[2m=[0mDownloading [3mevent_count[0m[2m=[0m351
[2m2026-09-24T07:18:44.968570Z[0m [32m INFO[0m [2mexeclaw_container_manager::service[0m[2m:[0m image pull progress [3mimage[0m[2m=[0masternic/wuzapi:latest [3mlayer[0m[2m=[0mSome("a8ac7f6c67ab") [3mstatus[0m[2m=[0mExtracting [3mevent_count[0m[2m=[0m352
[2m2026-09-24T07:18:45.033318Z[0m [32m INFO[0m [2mexeclaw_container_manager::service[0m[2m:[0m image pull progress [3mimage[0m[2m=[0masternic/wuzapi:latest [3mlayer[0m[2m=[0mSome("85ad29072578") [3mstatus[0m[2m=[0mDownloading [3mevent_count[0m[2m=[0m353
[2m2026-09-24T07:18:45.072606Z[0m [32m INFO[0m [2mexeclaw_container_manager::service[0m[2m:[0m image pull progress [3mimage[0m[2m=[0masternic/wuzapi:latest [3mlayer[0m[2m=[0mSome("a8ac7f6c67ab") [3mstatus[0m[2m=[0mExtracting [3mevent_count[0m[2m=[0m354
[2m2026-09-24T07:18:45.135343Z[0m [32m INFO[0m [2mexeclaw_container_manager::service[0m[2m:[0m image pull progress [3mimage[0m[2m=[0masternic/wuzapi:latest [3mlayer[0m[2m=[0mSome("85ad29072578") [3mstatus[0m[2m=[0mDownloading [3mevent_count[0m[2m=[0m355
[2m2026-09-24T07:18:45.182096Z[0m [32m INFO[0m [2mexeclaw_container_manager::service[0m[2m:[0m image pull progress [3mimage[0m[2m=[0masternic/wuzapi:latest [3mlayer[0m[2m=[0mSome("a8ac7f6c67ab") [3mstatus[0m[2m=[0mPull complete [3mevent_count[0m[2m=[0m356
[2m2026-09-24T07:18:45.234897Z[0m [32m INFO[0m [2mexeclaw_container_manager::service[0m[2m:[0m image pull progress [3mimage[0m[2m=[0masternic/wuzapi:latest [3mlayer[0m[2m=[0mSome("85ad29072578") [3mstatus[0m[2m=[0mDownloading [3mevent_count[0m[2m=[0m357
[2m2026-09-24T07:18:45.254890Z[0m [32m INFO[0m [2mexeclaw_container_manager::service[0m[2m:[0m image pull progress [3mimage[0m[2m=[0masternic/wuzapi:latest [3mlayer[0m[2m=[0mSome("0208ce1b0ec3") [3mstatus[0m[2m=[0mExtracting [3mevent_count[0m[2m=[0m358
[2m2026-09-24T07:18:45.332929Z[0m [32m INFO[0m [2mexeclaw_container_manager::service[0m[2m:[0m image pull progress [3mimage[0m[2m=[0masternic/wuzapi:latest [3mlayer[0m[2m=[0mSome("85ad29072578") [3mstatus[0m[2m=[0mDownloading [3mevent_count[0m[2m=[0m359
[2m2026-09-24T07:18:45.372528Z[0m [32m INFO[0m [2mexeclaw_container_manager::service[0m[2m:[0m image pull progress [3mimage[0m[2m=[0masternic/wuzapi:latest [3mlayer[0m[2m=[0mSome("0208ce1b0ec3") [3mstatus[0m[2m=[0mExtracting [3mevent_count[0m[2m=[0m360
[2m2026-09-24T07:18:45.443643Z[0m [32m INFO[0m [2mexeclaw_container_manager::service[0m[2m:[0m image pull progress [3mimage[0m[2m=[0masternic/wuzapi:latest [3mlayer[0m[2m=[0mSome("85ad29072578") [3mstatus[0m[2m=[0mDownloading [3mevent_count[0m[2m=[0m361
[2m2026-09-24T07:18:45.490042Z[0m [32m INFO[0m [2mexeclaw_container_manager::service[0m[2m:[0m image pull progress [3mimage[0m[2m=[0masternic/wuzapi:latest [3mlayer[0m[2m=[0mSome("0208ce1b0ec3") [3mstatus[0m[2m=[0mExtracting [3mevent_count[0m[2m=[0m362
[2m2026-09-24T07:18:45.534539Z[0m [32m INFO[0m [2mexeclaw_container_manager::service[0m[2m:[0m image pull progress [3mimage[0m[2m=[0masternic/wuzapi:latest [3mlayer[0m[2m=[0mSome("85ad29072578") [3mstatus[0m[2m=[0mDownloading [3mevent_count[0m[2m=[0m363
[2m2026-09-24T07:18:45.558742Z[0m [32m INFO[0m [2mexeclaw_container_manager::service[0m[2m:[0m image pull progress [3mimage[0m[2m=[0masternic/wuzapi:latest [3mlayer[0m[2m=[0mSome("0208ce1b0ec3") [3mstatus[0m[2m=[0mExtracting [3mevent_count[0m[2m=[0m364
[2m2026-09-24T07:18:45.632765Z[0m [32m INFO[0m [2mexeclaw_container_manager::service[0m[2m:[0m image pull progress [3mimage[0m[2m=[0masternic/wuzapi:latest [3mlayer[0m[2m=[0mSome("85ad29072578") [3mstatus[0m[2m=[0mDownloading [3mevent_count[0m[2m=[0m365
[2m2026-09-24T07:18:45.650491Z[0m [32m INFO[0m [2mexeclaw_container_manager::service[0m[2m:[0m image pull progress [3mimage[0m[2m=[0masternic/wuzapi:latest [3mlayer[0m[2m=[0mSome("0208ce1b0ec3") [3mstatus[0m[2m=[0mExtracting [3mevent_count[0m[2m=[0m366
[2m2026-09-24T07:18:45.738562Z[0m [32m INFO[0m [2mexeclaw_container_manager::service[0m[2m:[0m image pull progress [3mimage[0m[2m=[0masternic/wuzapi:latest [3mlayer[0m[2m=[0mSome("85ad29072578") [3mstatus[0m[2m=[0mDownloading [3mevent_count[0m[2m=[0m367
[2m2026-09-24T07:18:45.753970Z[0m [32m INFO[0m [2mexeclaw_container_manager::service[0m[2m:[0m image pull progress [3mimage[0m[2m=[0masternic/wuzapi:latest [3mlayer[0m[2m=[0mSome("0208ce1b0ec3") [3mstatus[0m[2m=[0mExtracting [3mevent_count[0m[2m=[0m368
[2m2026-09-24T07:18:45.842585Z[0m [32m INFO[0m [2mexeclaw_container_manager::service[0m[2m:[0m image pull progress [3mimage[0m[2m=[0masternic/wuzapi:latest [3mlayer[0m[2m=[0mSome("85ad29072578") [3mstatus[0m[2m=[0mDownloading [3mevent_count[0m[2m=[0m369
[2m2026-09-24T07:18:45.862617Z[0m [32m INFO[0m [2mexeclaw_container_manager::service[0m[2m:[0m image pull progress [3mimage[0m[2m=[0masternic/wuzapi:latest [3mlayer[0m[2m=[0mSome("0208ce1b0ec3") [3mstatus[0m[2m=[0mExtracting [3mevent_count[0m[2m=[0m370
[2m2026-09-24T07:18:45.944275Z[0m [32m INFO[0m [2mexeclaw_container_manager::service[0m[2m:[0m image pull progress [3mimage[0m[2m=[0masternic/wuzapi:latest [3mlayer[0m[2m=[0mSome("85ad29072578") [3mstatus[0m[2m=[0mDownloading [3mevent_count[0m[2m=[0m371
[2m2026-09-24T07:18:45.955671Z[0m [32m INFO[0m [2mexeclaw_container_manager::service[0m[2m:[0m image pull progress [3mimage[0m[2m=[0masternic/wuzapi:latest [3mlayer[0m[2m=[0mSome("0208ce1b0ec3") [3mstatus[0m[2m=[0mPull complete [3mevent_count[0m[2m=[0m372
[2m2026-09-24T07:18:46.033083Z[0m [32m INFO[0m [2mexeclaw_container_manager::service[0m[2m:[0m image pull progress [3mimage[0m[2m=[0masternic/wuzapi:latest [3mlayer[0m[2m=[0mSome("85ad29072578") [3mstatus[0m[2m=[0mDownloading [3mevent_count[0m[2m=[0m373
[2m2026-09-24T07:18:51.034722Z[0m [32m INFO[0m [2mexeclaw_container_manager::service[0m[2m:[0m image pull heartbeat [3mimage[0m[2m=[0masternic/wuzapi:latest [3mlayer[0m[2m=[0mSome("85ad29072578") [3mstatus[0m[2m=[0mDownloading [3mprogress[0m[2m=[0mNone [3mevent_count[0m[2m=[0m423
[2m2026-09-24T07:18:56.127574Z[0m [32m INFO[0m [2mexeclaw_container_manager::service[0m[2m:[0m image pull heartbeat [3mimage[0m[2m=[0masternic/wuzapi:latest [3mlayer[0m[2m=[0mSome("85ad29072578") [3mstatus[0m[2m=[0mDownloading [3mprogress[0m[2m=[0mNone [3mevent_count[0m[2m=[0m474
[2m2026-09-24T07:18:58.760908Z[0m [32m INFO[0m [2mhost_caps::ws[0m[2m:[0m >>> text frame [3murl[0m[2m=[0mwss://gateway.discord.gg/?v=10&encoding=json [3mlen[0m[2m=[0m14 [3mpreview[0m[2m=[0m{"op":1,"d":1}
[2m2026-09-24T07:18:58.871413Z[0m [32m INFO[0m [2mhost_caps::ws[0m[2m:[0m <<< text frame [3murl[0m[2m=[0mwss://gateway.discord.gg/?v=10&encoding=json [3mlen[0m[2m=[0m36 [3mpreview[0m[2m=[0m{"t":null,"s":null,"op":11,"d":null}
[2m2026-09-24T07:19:01.227343Z[0m [32m INFO[0m [2mexeclaw_container_manager::service[0m[2m:[0m image pull heartbeat [3mimage[0m[2m=[0masternic/wuzapi:latest [3mlayer[0m[2m=[0mSome("85ad29072578") [3mstatus[0m[2m=[0mDownloading [3mprogress[0m[2m=[0mNone [3mevent_count[0m[2m=[0m525
[2m2026-09-24T07:19:03.126040Z[0m [32m INFO[0m [2mexeclaw_container_manager::service[0m[2m:[0m image pull progress [3mimage[0m[2m=[0masternic/wuzapi:latest [3mlayer[0m[2m=[0mSome("85ad29072578") [3mstatus[0m[2m=[0mDownload complete [3mevent_count[0m[2m=[0m544
[2m2026-09-24T07:19:03.145170Z[0m [32m INFO[0m [2mexeclaw_container_manager::service[0m[2m:[0m image pull progress [3mimage[0m[2m=[0masternic/wuzapi:latest [3mlayer[0m[2m=[0mSome("85ad29072578") [3mstatus[0m[2m=[0mExtracting [3mevent_count[0m[2m=[0m545
[2m2026-09-24T07:19:08.150857Z[0m [32m INFO[0m [2mexeclaw_container_manager::service[0m[2m:[0m image pull heartbeat [3mimage[0m[2m=[0masternic/wuzapi:latest [3mlayer[0m[2m=[0mSome("85ad29072578") [3mstatus[0m[2m=[0mExtracting [3mprogress[0m[2m=[0mNone [3mevent_count[0m[2m=[0m595
[2m2026-09-24T07:19:13.239134Z[0m [32m INFO[0m [2mexeclaw_container_manager::service[0m[2m:[0m image pull heartbeat [3mimage[0m[2m=[0masternic/wuzapi:latest [3mlayer[0m[2m=[0mSome("85ad29072578") [3mstatus[0m[2m=[0mExtracting [3mprogress[0m[2m=[0mNone [3mevent_count[0m[2m=[0m646
[2m2026-09-24T07:19:14.338403Z[0m [32m INFO[0m [2mexeclaw_container_manager::service[0m[2m:[0m image pull progress [3mimage[0m[2m=[0masternic/wuzapi:latest [3mlayer[0m[2m=[0mSome("85ad29072578") [3mstatus[0m[2m=[0mPull complete [3mevent_count[0m[2m=[0m657
[2m2026-09-24T07:19:14.440430Z[0m [32m INFO[0m [2mexeclaw_container_manager::service[0m[2m:[0m image pull progress [3mimage[0m[2m=[0masternic/wuzapi:latest [3mlayer[0m[2m=[0mSome("d1b87fe0f20c") [3mstatus[0m[2m=[0mExtracting [3mevent_count[0m[2m=[0m659
[2m2026-09-24T07:19:14.835985Z[0m [32m INFO[0m [2mexeclaw_container_manager::service[0m[2m:[0m image pull progress [3mimage[0m[2m=[0masternic/wuzapi:latest [3mlayer[0m[2m=[0mSome("d1b87fe0f20c") [3mstatus[0m[2m=[0mPull complete [3mevent_count[0m[2m=[0m664
[2m2026-09-24T07:19:14.929882Z[0m [32m INFO[0m [2mexeclaw_container_manager::service[0m[2m:[0m image pull progress [3mimage[0m[2m=[0masternic/wuzapi:latest [3mlayer[0m[2m=[0mSome("3b5c7aa659ac") [3mstatus[0m[2m=[0mExtracting [3mevent_count[0m[2m=[0m665
[2m2026-09-24T07:19:15.030127Z[0m [32m INFO[0m [2mexeclaw_container_manager::service[0m[2m:[0m image pull progress [3mimage[0m[2m=[0masternic/wuzapi:latest [3mlayer[0m[2m=[0mSome("3b5c7aa659ac") [3mstatus[0m[2m=[0mPull complete [3mevent_count[0m[2m=[0m667
[2m2026-09-24T07:19:15.098125Z[0m [32m INFO[0m [2mexeclaw_container_manager::service[0m[2m:[0m image pull progress [3mimage[0m[2m=[0masternic/wuzapi:latest [3mlayer[0m[2m=[0mNone [3mstatus[0m[2m=[0mDigest: sha256:7f2aee54a6585fcc67f78dbbec41cf56e3bdab31577183cf3b97f9a78d84df66 [3mevent_count[0m[2m=[0m670
[2m2026-09-24T07:19:15.098654Z[0m [32m INFO[0m [2mexeclaw_container_manager::service[0m[2m:[0m image pull progress [3mimage[0m[2m=[0masternic/wuzapi:latest [3mlayer[0m[2m=[0mNone [3mstatus[0m[2m=[0mStatus: Downloaded newer image for asternic/wuzapi:latest [3mevent_count[0m[2m=[0m671
[2m2026-09-24T07:19:15.099474Z[0m [32m INFO[0m [2mexeclaw_container_manager::service[0m[2m:[0m image pull complete [3mimage[0m[2m=[0masternic/wuzapi:latest [3mcontainer[0m[2m=[0mexeclaw-sidecar-whatsapp-wuzapi [3melapsed_secs[0m[2m=[0m45 [3mevent_count[0m[2m=[0m671
[2m2026-09-24T07:19:16.645429Z[0m [32m INFO[0m [2mexeclaw_server::sidecar_supervisor[0m[2m:[0m sidecar container spawned [3msidecar[0m[2m=[0mwuzapi [3mcontainer[0m[2m=[0mexeclaw-sidecar-whatsapp-wuzapi [3mhost_port[0m[2m=[0m8502
[2m2026-09-24T07:19:16.653092Z[0m [32m INFO[0m [2mexeclaw_script::primitives[0m[2m:[0m whatsapp: /admin/users create returned sidecar_http_post [whatsapp] http://127.0.0.1:8502/admin/users: http://127.0.0.1:8502/admin/users: Network Error: Unexpected EOF (proceeding to verify) [3mplugin_id[0m[2m=[0mwhatsapp
[2m2026-09-24T07:19:16.656927Z[0m [33m WARN[0m [2mexeclaw_script::primitives[0m[2m:[0m whatsapp: ensure_user_token failed: sidecar_http_get [whatsapp] http://127.0.0.1:8502/admin/users: http://127.0.0.1:8502/admin/users: Network Error: Unexpected EOF — Settings → Plugins → WhatsApp will surface the error and the operator can retry once wuzapi is healthy [3mplugin_id[0m[2m=[0mwhatsapp
[2m2026-09-24T07:19:27.373336Z[0m [32m INFO[0m [2mexeclaw_container_manager::service[0m[2m:[0m image already present locally — skipping pull [3mimage[0m[2m=[0mbbernhard/signal-cli-rest-api:latest [3mcontainer[0m[2m=[0mexeclaw-sidecar-signal-signal-cli
[2m2026-09-24T07:19:27.870087Z[0m [32m INFO[0m [2mexeclaw_server::sidecar_supervisor[0m[2m:[0m sidecar container spawned [3msidecar[0m[2m=[0msignal-cli [3mcontainer[0m[2m=[0mexeclaw-sidecar-signal-signal-cli [3mhost_port[0m[2m=[0m8503
[2m2026-09-24T07:19:27.885768Z[0m [32m INFO[0m [2mexeclaw_server::sidecar_supervisor[0m[2m:[0m sidecar healthy via RPC probe (no Docker HEALTHCHECK) [3msidecar[0m[2m=[0mwuzapi
[2m2026-09-24T07:19:37.949087Z[0m [32m INFO[0m [2mexeclaw_server::sidecar_supervisor[0m[2m:[0m sidecar healthy via RPC probe (no Docker HEALTHCHECK) [3msidecar[0m[2m=[0msignal-cli
[2m2026-09-24T07:19:40.012747Z[0m [32m INFO[0m [2mhost_caps::ws[0m[2m:[0m >>> text frame [3murl[0m[2m=[0mwss://gateway.discord.gg/?v=10&encoding=json [3mlen[0m[2m=[0m14 [3mpreview[0m[2m=[0m{"op":1,"d":1}
[2m2026-09-24T07:19:40.123611Z[0m [32m INFO[0m [2mhost_caps::ws[0m[2m:[0m <<< text frame [3murl[0m[2m=[0mwss://gateway.discord.gg/?v=10&encoding=json [3mlen[0m[2m=[0m36 [3mpreview[0m[2m=[0m{"t":null,"s":null,"op":11,"d":null}
[2m2026-09-24T07:20:21.276226Z[0m [32m INFO[0m [2mhost_caps::ws[0m[2m:[0m >>> text frame [3murl[0m[2m=[0mwss://gateway.discord.gg/?v=10&encoding=json [3mlen[0m[2m=[0m14 [3mpreview[0m[2m=[0m{"op":1,"d":1}
[2m2026-09-24T07:20:21.377989Z[0m [32m INFO[0m [2mhost_caps::ws[0m[2m:[0m <<< text frame [3murl[0m[2m=[0mwss://gateway.discord.gg/?v=10&encoding=json [3mlen[0m[2m=[0m36 [3mpreview[0m[2m=[0m{"t":null,"s":null,"op":11,"d":null}
[2m2026-09-24T07:20:59.295627Z[0m [33m WARN[0m [2mexeclaw_script::primitives[0m[2m:[0m signal: signal-cli didn't surface a paired account within 90s — pair via Settings → Plugins → Signal then restart the plugin [3mplugin_id[0m[2m=[0msignal
[2m2026-09-24T07:21:02.544016Z[0m [32m INFO[0m [2mhost_caps::ws[0m[2m:[0m >>> text frame [3murl[0m[2m=[0mwss://gateway.discord.gg/?v=10&encoding=json [3mlen[0m[2m=[0m14 [3mpreview[0m[2m=[0m{"op":1,"d":1}
[2m2026-09-24T07:21:02.652247Z[0m [32m INFO[0m [2mhost_caps::ws[0m[2m:[0m <<< text frame [3murl[0m[2m=[0mwss://gateway.discord.gg/?v=10&encoding=json [3mlen[0m[2m=[0m36 [3mpreview[0m[2m=[0m{"t":null,"s":null,"op":11,"d":null}
[2m2026-09-24T07:21:43.810961Z[0m [32m INFO[0m [2mhost_caps::ws[0m[2m:[0m >>> text frame [3murl[0m[2m=[0mwss://gateway.discord.gg/?v=10&encoding=json [3mlen[0m[2m=[0m14 [3mpreview[0m[2m=[0m{"op":1,"d":1}
[2m2026-09-24T07:21:43.920654Z[0m [32m INFO[0m [2mhost_caps::ws[0m[2m:[0m <<< text frame [3murl[0m[2m=[0mwss://gateway.discord.gg/?v=10&encoding=json [3mlen[0m[2m=[0m36 [3mpreview[0m[2m=[0m{"t":null,"s":null,"op":11,"d":null}
[2m2026-09-24T07:22:25.074167Z[0m [32m INFO[0m [2mhost_caps::ws[0m[2m:[0m >>> text frame [3murl[0m[2m=[0mwss://gateway.discord.gg/?v=10&encoding=json [3mlen[0m[2m=[0m14 [3mpreview[0m[2m=[0m{"op":1,"d":1}
[2m2026-09-24T07:22:25.182804Z[0m [32m INFO[0m [2mhost_caps::ws[0m[2m:[0m <<< text frame [3murl[0m[2m=[0mwss://gateway.discord.gg/?v=10&encoding=json [3mlen[0m[2m=[0m36 [3mpreview[0m[2m=[0m{"t":null,"s":null,"op":11,"d":null}
[2m2026-09-24T07:23:06.329934Z[0m [32m INFO[0m [2mhost_caps::ws[0m[2m:[0m >>> text frame [3murl[0m[2m=[0mwss://gateway.discord.gg/?v=10&encoding=json [3mlen[0m[2m=[0m14 [3mpreview[0m[2m=[0m{"op":1,"d":1}
[2m2026-09-24T07:23:06.437131Z[0m [32m INFO[0m [2mhost_caps::ws[0m[2m:[0m <<< text frame [3murl[0m[2m=[0mwss://gateway.discord.gg/?v=10&encoding=json [3mlen[0m[2m=[0m36 [3mpreview[0m[2m=[0m{"t":null,"s":null,"op":11,"d":null}
[2m2026-09-24T07:23:47.590197Z[0m [32m INFO[0m [2mhost_caps::ws[0m[2m:[0m >>> text frame [3murl[0m[2m=[0mwss://gateway.discord.gg/?v=10&encoding=json [3mlen[0m[2m=[0m14 [3mpreview[0m[2m=[0m{"op":1,"d":1}
[2m2026-09-24T07:23:47.699354Z[0m [32m INFO[0m [2mhost_caps::ws[0m[2m:[0m <<< text frame [3murl[0m[2m=[0mwss://gateway.discord.gg/?v=10&encoding=json [3mlen[0m[2m=[0m36 [3mpreview[0m[2m=[0m{"t":null,"s":null,"op":11,"d":null}
[2m2026-09-24T07:24:28.844085Z[0m [32m INFO[0m [2mhost_caps::ws[0m[2m:[0m >>> text frame [3murl[0m[2m=[0mwss://gateway.discord.gg/?v=10&encoding=json [3mlen[0m[2m=[0m14 [3mpreview[0m[2m=[0m{"op":1,"d":1}
[2m2026-09-24T07:24:28.952892Z[0m [32m INFO[0m [2mhost_caps::ws[0m[2m:[0m <<< text frame [3murl[0m[2m=[0mwss://gateway.discord.gg/?v=10&encoding=json [3mlen[0m[2m=[0m36 [3mpreview[0m[2m=[0m{"t":null,"s":null,"op":11,"d":null}
[2m2026-09-24T07:25:10.096478Z[0m [32m INFO[0m [2mhost_caps::ws[0m[2m:[0m >>> text frame [3murl[0m[2m=[0mwss://gateway.discord.gg/?v=10&encoding=json [3mlen[0m[2m=[0m14 [3mpreview[0m[2m=[0m{"op":1,"d":1}
[2m2026-09-24T07:25:10.203489Z[0m [32m INFO[0m [2mhost_caps::ws[0m[2m:[0m <<< text frame [3murl[0m[2m=[0mwss://gateway.discord.gg/?v=10&encoding=json [3mlen[0m[2m=[0m36 [3mpreview[0m[2m=[0m{"t":null,"s":null,"op":11,"d":null}
[2m2026-09-24T07:25:51.359015Z[0m [32m INFO[0m [2mhost_caps::ws[0m[2m:[0m >>> text frame [3murl[0m[2m=[0mwss://gateway.discord.gg/?v=10&encoding=json [3mlen[0m[2m=[0m14 [3mpreview[0m[2m=[0m{"op":1,"d":1}
[2m2026-09-24T07:25:51.477393Z[0m [32m INFO[0m [2mhost_caps::ws[0m[2m:[0m <<< text frame [3murl[0m[2m=[0mwss://gateway.discord.gg/?v=10&encoding=json [3mlen[0m[2m=[0m36 [3mpreview[0m[2m=[0m{"t":null,"s":null,"op":11,"d":null}
[2m2026-09-24T07:26:32.620081Z[0m [32m INFO[0m [2mhost_caps::ws[0m[2m:[0m >>> text frame [3murl[0m[2m=[0mwss://gateway.discord.gg/?v=10&encoding=json [3mlen[0m[2m=[0m14 [3mpreview[0m[2m=[0m{"op":1,"d":1}
[2m2026-09-24T07:26:32.737503Z[0m [32m INFO[0m [2mhost_caps::ws[0m[2m:[0m <<< text frame [3murl[0m[2m=[0mwss://gateway.discord.gg/?v=10&encoding=json [3mlen[0m[2m=[0m36 [3mpreview[0m[2m=[0m{"t":null,"s":null,"op":11,"d":null}
[2m2026-09-24T07:27:13.886910Z[0m [32m INFO[0m [2mhost_caps::ws[0m[2m:[0m >>> text frame [3murl[0m[2m=[0mwss://gateway.discord.gg/?v=10&encoding=json [3mlen[0m[2m=[0m14 [3mpreview[0m[2m=[0m{"op":1,"d":1}
[2m2026-09-24T07:27:13.996118Z[0m [32m INFO[0m [2mhost_caps::ws[0m[2m:[0m <<< text frame [3murl[0m[2m=[0mwss://gateway.discord.gg/?v=10&encoding=json [3mlen[0m[2m=[0m36 [3mpreview[0m[2m=[0m{"t":null,"s":null,"op":11,"d":null}
[2m2026-09-24T07:27:55.149677Z[0m [32m INFO[0m [2mhost_caps::ws[0m[2m:[0m >>> text frame [3murl[0m[2m=[0mwss://gateway.discord.gg/?v=10&encoding=json [3mlen[0m[2m=[0m14 [3mpreview[0m[2m=[0m{"op":1,"d":1}
[2m2026-09-24T07:27:55.258410Z[0m [32m INFO[0m [2mhost_caps::ws[0m[2m:[0m <<< text frame [3murl[0m[2m=[0mwss://gateway.discord.gg/?v=10&encoding=json [3mlen[0m[2m=[0m36 [3mpreview[0m[2m=[0m{"t":null,"s":null,"op":11,"d":null}
[2m2026-09-24T07:28:36.401835Z[0m [32m INFO[0m [2mhost_caps::ws[0m[2m:[0m >>> text frame [3murl[0m[2m=[0mwss://gateway.discord.gg/?v=10&encoding=json [3mlen[0m[2m=[0m14 [3mpreview[0m[2m=[0m{"op":1,"d":1}
[2m2026-09-24T07:28:36.521846Z[0m [32m INFO[0m [2mhost_caps::ws[0m[2m:[0m <<< text frame [3murl[0m[2m=[0mwss://gateway.discord.gg/?v=10&encoding=json [3mlen[0m[2m=[0m36 [3mpreview[0m[2m=[0m{"t":null,"s":null,"op":11,"d":null}
[2m2026-09-24T07:29:17.656062Z[0m [32m INFO[0m [2mhost_caps::ws[0m[2m:[0m >>> text frame [3murl[0m[2m=[0mwss://gateway.discord.gg/?v=10&encoding=json [3mlen[0m[2m=[0m14 [3mpreview[0m[2m=[0m{"op":1,"d":1}
[2m2026-09-24T07:29:17.770508Z[0m [32m INFO[0m [2mhost_caps::ws[0m[2m:[0m <<< text frame [3murl[0m[2m=[0mwss://gateway.discord.gg/?v=10&encoding=json [3mlen[0m[2m=[0m36 [3mpreview[0m[2m=[0m{"t":null,"s":null,"op":11,"d":null}
[2m2026-09-24T07:29:58.907969Z[0m [32m INFO[0m [2mhost_caps::ws[0m[2m:[0m >>> text frame [3murl[0m[2m=[0mwss://gateway.discord.gg/?v=10&encoding=json [3mlen[0m[2m=[0m14 [3mpreview[0m[2m=[0m{"op":1,"d":1}
[2m2026-09-24T07:29:59.017263Z[0m [32m INFO[0m [2mhost_caps::ws[0m[2m:[0m <<< text frame [3murl[0m[2m=[0mwss://gateway.discord.gg/?v=10&encoding=json [3mlen[0m[2m=[0m36 [3mpreview[0m[2m=[0m{"t":null,"s":null,"op":11,"d":null}
[2m2026-09-24T07:30:40.172926Z[0m [32m INFO[0m [2mhost_caps::ws[0m[2m:[0m >>> text frame [3murl[0m[2m=[0mwss://gateway.discord.gg/?v=10&encoding=json [3mlen[0m[2m=[0m14 [3mpreview[0m[2m=[0m{"op":1,"d":1}
[2m2026-09-24T07:30:40.289177Z[0m [32m INFO[0m [2mhost_caps::ws[0m[2m:[0m <<< text frame [3murl[0m[2m=[0mwss://gateway.discord.gg/?v=10&encoding=json [3mlen[0m[2m=[0m36 [3mpreview[0m[2m=[0m{"t":null,"s":null,"op":11,"d":null}
[2m2026-09-24T07:31:21.441291Z[0m [32m INFO[0m [2mhost_caps::ws[0m[2m:[0m >>> text frame [3murl[0m[2m=[0mwss://gateway.discord.gg/?v=10&encoding=json [3mlen[0m[2m=[0m14 [3mpreview[0m[2m=[0m{"op":1,"d":1}
[2m2026-09-24T07:31:21.548568Z[0m [32m INFO[0m [2mhost_caps::ws[0m[2m:[0m <<< text frame [3murl[0m[2m=[0mwss://gateway.discord.gg/?v=10&encoding=json [3mlen[0m[2m=[0m36 [3mpreview[0m[2m=[0m{"t":null,"s":null,"op":11,"d":null}
[2m2026-09-24T07:32:02.701400Z[0m [32m INFO[0m [2mhost_caps::ws[0m[2m:[0m >>> text frame [3murl[0m[2m=[0mwss://gateway.discord.gg/?v=10&encoding=json [3mlen[0m[2m=[0m14 [3mpreview[0m[2m=[0m{"op":1,"d":1}
[2m2026-09-24T07:32:02.801971Z[0m [32m INFO[0m [2mhost_caps::ws[0m[2m:[0m <<< text frame [3murl[0m[2m=[0mwss://gateway.discord.gg/?v=10&encoding=json [3mlen[0m[2m=[0m36 [3mpreview[0m[2m=[0m{"t":null,"s":null,"op":11,"d":null}
[2m2026-09-24T07:32:43.957795Z[0m [32m INFO[0m [2mhost_caps::ws[0m[2m:[0m >>> text frame [3murl[0m[2m=[0mwss://gateway.discord.gg/?v=10&encoding=json [3mlen[0m[2m=[0m14 [3mpreview[0m[2m=[0m{"op":1,"d":1}
[2m2026-09-24T07:32:44.067079Z[0m [32m INFO[0m [2mhost_caps::ws[0m[2m:[0m <<< text frame [3murl[0m[2m=[0mwss://gateway.discord.gg/?v=10&encoding=json [3mlen[0m[2m=[0m36 [3mpreview[0m[2m=[0m{"t":null,"s":null,"op":11,"d":null}
[2m2026-09-24T07:33:25.208760Z[0m [32m INFO[0m [2mhost_caps::ws[0m[2m:[0m >>> text frame [3murl[0m[2m=[0mwss://gateway.discord.gg/?v=10&encoding=json [3mlen[0m[2m=[0m14 [3mpreview[0m[2m=[0m{"op":1,"d":1}
[2m2026-09-24T07:33:25.326807Z[0m [32m INFO[0m [2mhost_caps::ws[0m[2m:[0m <<< text frame [3murl[0m[2m=[0mwss://gateway.discord.gg/?v=10&encoding=json [3mlen[0m[2m=[0m36 [3mpreview[0m[2m=[0m{"t":null,"s":null,"op":11,"d":null}
[2m2026-09-24T07:34:06.464537Z[0m [32m INFO[0m [2mhost_caps::ws[0m[2m:[0m >>> text frame [3murl[0m[2m=[0mwss://gateway.discord.gg/?v=10&encoding=json [3mlen[0m[2m=[0m14 [3mpreview[0m[2m=[0m{"op":1,"d":1}
[2m2026-09-24T07:34:06.571993Z[0m [32m INFO[0m [2mhost_caps::ws[0m[2m:[0m <<< text frame [3murl[0m[2m=[0mwss://gateway.discord.gg/?v=10&encoding=json [3mlen[0m[2m=[0m36 [3mpreview[0m[2m=[0m{"t":null,"s":null,"op":11,"d":null}
[2m2026-09-24T07:34:47.729919Z[0m [32m INFO[0m [2mhost_caps::ws[0m[2m:[0m >>> text frame [3murl[0m[2m=[0mwss://gateway.discord.gg/?v=10&encoding=json [3mlen[0m[2m=[0m14 [3mpreview[0m[2m=[0m{"op":1,"d":1}
[2m2026-09-24T07:34:47.847619Z[0m [32m INFO[0m [2mhost_caps::ws[0m[2m:[0m <<< text frame [3murl[0m[2m=[0mwss://gateway.discord.gg/?v=10&encoding=json [3mlen[0m[2m=[0m36 [3mpreview[0m[2m=[0m{"t":null,"s":null,"op":11,"d":null}
[2m2026-09-24T07:35:28.984381Z[0m [32m INFO[0m [2mhost_caps::ws[0m[2m:[0m >>> text frame [3murl[0m[2m=[0mwss://gateway.discord.gg/?v=10&encoding=json [3mlen[0m[2m=[0m14 [3mpreview[0m[2m=[0m{"op":1,"d":1}
[2m2026-09-24T07:35:29.092886Z[0m [32m INFO[0m [2mhost_caps::ws[0m[2m:[0m <<< text frame [3murl[0m[2m=[0mwss://gateway.discord.gg/?v=10&encoding=json [3mlen[0m[2m=[0m36 [3mpreview[0m[2m=[0m{"t":null,"s":null,"op":11,"d":null}
[2m2026-09-24T07:36:10.240569Z[0m [32m INFO[0m [2mhost_caps::ws[0m[2m:[0m >>> text frame [3murl[0m[2m=[0mwss://gateway.discord.gg/?v=10&encoding=json [3mlen[0m[2m=[0m14 [3mpreview[0m[2m=[0m{"op":1,"d":1}
[2m2026-09-24T07:36:10.359698Z[0m [32m INFO[0m [2mhost_caps::ws[0m[2m:[0m <<< text frame [3murl[0m[2m=[0mwss://gateway.discord.gg/?v=10&encoding=json [3mlen[0m[2m=[0m36 [3mpreview[0m[2m=[0m{"t":null,"s":null,"op":11,"d":null}
[2m2026-09-24T07:36:51.509598Z[0m [32m INFO[0m [2mhost_caps::ws[0m[2m:[0m >>> text frame [3murl[0m[2m=[0mwss://gateway.discord.gg/?v=10&encoding=json [3mlen[0m[2m=[0m14 [3mpreview[0m[2m=[0m{"op":1,"d":1}
[2m2026-09-24T07:36:51.627651Z[0m [32m INFO[0m [2mhost_caps::ws[0m[2m:[0m <<< text frame [3murl[0m[2m=[0mwss://gateway.discord.gg/?v=10&encoding=json [3mlen[0m[2m=[0m36 [3mpreview[0m[2m=[0m{"t":null,"s":null,"op":11,"d":null}
[2m2026-09-24T07:37:32.765352Z[0m [32m INFO[0m [2mhost_caps::ws[0m[2m:[0m >>> text frame [3murl[0m[2m=[0mwss://gateway.discord.gg/?v=10&encoding=json [3mlen[0m[2m=[0m14 [3mpreview[0m[2m=[0m{"op":1,"d":1}
[2m2026-09-24T07:37:32.867037Z[0m [32m INFO[0m [2mhost_caps::ws[0m[2m:[0m <<< text frame [3murl[0m[2m=[0mwss://gateway.discord.gg/?v=10&encoding=json [3mlen[0m[2m=[0m36 [3mpreview[0m[2m=[0m{"t":null,"s":null,"op":11,"d":null}
[2m2026-09-24T07:38:14.021212Z[0m [32m INFO[0m [2mhost_caps::ws[0m[2m:[0m >>> text frame [3murl[0m[2m=[0mwss://gateway.discord.gg/?v=10&encoding=json [3mlen[0m[2m=[0m14 [3mpreview[0m[2m=[0m{"op":1,"d":1}
[2m2026-09-24T07:38:14.138273Z[0m [32m INFO[0m [2mhost_caps::ws[0m[2m:[0m <<< text frame [3murl[0m[2m=[0mwss://gateway.discord.gg/?v=10&encoding=json [3mlen[0m[2m=[0m36 [3mpreview[0m[2m=[0m{"t":null,"s":null,"op":11,"d":null}
[2m2026-09-24T07:38:55.281151Z[0m [32m INFO[0m [2mhost_caps::ws[0m[2m:[0m >>> text frame [3murl[0m[2m=[0mwss://gateway.discord.gg/?v=10&encoding=json [3mlen[0m[2m=[0m14 [3mpreview[0m[2m=[0m{"op":1,"d":1}
[2m2026-09-24T07:38:55.389905Z[0m [32m INFO[0m [2mhost_caps::ws[0m[2m:[0m <<< text frame [3murl[0m[2m=[0mwss://gateway.discord.gg/?v=10&encoding=json [3mlen[0m[2m=[0m36 [3mpreview[0m[2m=[0m{"t":null,"s":null,"op":11,"d":null}
[2m2026-09-24T07:39:36.542136Z[0m [32m INFO[0m [2mhost_caps::ws[0m[2m:[0m >>> text frame [3murl[0m[2m=[0mwss://gateway.discord.gg/?v=10&encoding=json [3mlen[0m[2m=[0m14 [3mpreview[0m[2m=[0m{"op":1,"d":1}
[2m2026-09-24T07:39:36.664664Z[0m [32m INFO[0m [2mhost_caps::ws[0m[2m:[0m <<< text frame [3murl[0m[2m=[0mwss://gateway.discord.gg/?v=10&encoding=json [3mlen[0m[2m=[0m36 [3mpreview[0m[2m=[0m{"t":null,"s":null,"op":11,"d":null}
[2m2026-09-24T07:39:47.749041Z[0m [33m WARN[0m [2minference_resolver[0m[2m:[0m configured inference endpoint denied by local-only policy [3mpurpose[0m[2m=[0mStandard [3merror[0m[2m=[0mDNS name "host.docker.internal" is not operator-approved
[2m2026-09-24T07:40:17.801247Z[0m [32m INFO[0m [2mhost_caps::ws[0m[2m:[0m >>> text frame [3murl[0m[2m=[0mwss://gateway.discord.gg/?v=10&encoding=json [3mlen[0m[2m=[0m14 [3mpreview[0m[2m=[0m{"op":1,"d":1}
[2m2026-09-24T07:40:17.910941Z[0m [32m INFO[0m [2mhost_caps::ws[0m[2m:[0m <<< text frame [3murl[0m[2m=[0mwss://gateway.discord.gg/?v=10&encoding=json [3mlen[0m[2m=[0m36 [3mpreview[0m[2m=[0m{"t":null,"s":null,"op":11,"d":null}
[2m2026-09-24T07:40:59.057569Z[0m [32m INFO[0m [2mhost_caps::ws[0m[2m:[0m >>> text frame [3murl[0m[2m=[0mwss://gateway.discord.gg/?v=10&encoding=json [3mlen[0m[2m=[0m14 [3mpreview[0m[2m=[0m{"op":1,"d":1}
[2m2026-09-24T07:40:59.166225Z[0m [32m INFO[0m [2mhost_caps::ws[0m[2m:[0m <<< text frame [3murl[0m[2m=[0mwss://gateway.discord.gg/?v=10&encoding=json [3mlen[0m[2m=[0m36 [3mpreview[0m[2m=[0m{"t":null,"s":null,"op":11,"d":null}
[2m2026-09-24T07:41:40.314767Z[0m [32m INFO[0m [2mhost_caps::ws[0m[2m:[0m >>> text frame [3murl[0m[2m=[0mwss://gateway.discord.gg/?v=10&encoding=json [3mlen[0m[2m=[0m14 [3mpreview[0m[2m=[0m{"op":1,"d":1}
[2m2026-09-24T07:41:40.423202Z[0m [32m INFO[0m [2mhost_caps::ws[0m[2m:[0m <<< text frame [3murl[0m[2m=[0mwss://gateway.discord.gg/?v=10&encoding=json [3mlen[0m[2m=[0m36 [3mpreview[0m[2m=[0m{"t":null,"s":null,"op":11,"d":null}
[2m2026-09-24T07:42:21.572764Z[0m [32m INFO[0m [2mhost_caps::ws[0m[2m:[0m >>> text frame [3murl[0m[2m=[0mwss://gateway.discord.gg/?v=10&encoding=json [3mlen[0m[2m=[0m14 [3mpreview[0m[2m=[0m{"op":1,"d":1}
[2m2026-09-24T07:42:21.681485Z[0m [32m INFO[0m [2mhost_caps::ws[0m[2m:[0m <<< text frame [3murl[0m[2m=[0mwss://gateway.discord.gg/?v=10&encoding=json [3mlen[0m[2m=[0m36 [3mpreview[0m[2m=[0m{"t":null,"s":null,"op":11,"d":null}
[2m2026-09-24T07:43:02.827041Z[0m [32m INFO[0m [2mhost_caps::ws[0m[2m:[0m >>> text frame [3murl[0m[2m=[0mwss://gateway.discord.gg/?v=10&encoding=json [3mlen[0m[2m=[0m14 [3mpreview[0m[2m=[0m{"op":1,"d":1}
[2m2026-09-24T07:43:02.937930Z[0m [32m INFO[0m [2mhost_caps::ws[0m[2m:[0m <<< text frame [3murl[0m[2m=[0mwss://gateway.discord.gg/?v=10&encoding=json [3mlen[0m[2m=[0m36 [3mpreview[0m[2m=[0m{"t":null,"s":null,"op":11,"d":null}
[2m2026-09-24T07:43:44.079001Z[0m [32m INFO[0m [2mhost_caps::ws[0m[2m:[0m >>> text frame [3murl[0m[2m=[0mwss://gateway.discord.gg/?v=10&encoding=json [3mlen[0m[2m=[0m14 [3mpreview[0m[2m=[0m{"op":1,"d":1}
[2m2026-09-24T07:43:44.189412Z[0m [32m INFO[0m [2mhost_caps::ws[0m[2m:[0m <<< text frame [3murl[0m[2m=[0mwss://gateway.discord.gg/?v=10&encoding=json [3mlen[0m[2m=[0m36 [3mpreview[0m[2m=[0m{"t":null,"s":null,"op":11,"d":null}
[2m2026-09-24T07:44:25.342040Z[0m [32m INFO[0m [2mhost_caps::ws[0m[2m:[0m >>> text frame [3murl[0m[2m=[0mwss://gateway.discord.gg/?v=10&encoding=json [3mlen[0m[2m=[0m14 [3mpreview[0m[2m=[0m{"op":1,"d":1}
[2m2026-09-24T07:44:25.455259Z[0m [32m INFO[0m [2mhost_caps::ws[0m[2m:[0m <<< text frame [3murl[0m[2m=[0mwss://gateway.discord.gg/?v=10&encoding=json [3mlen[0m[2m=[0m36 [3mpreview[0m[2m=[0m{"t":null,"s":null,"op":11,"d":null}
[2m2026-09-24T07:45:06.609217Z[0m [32m INFO[0m [2mhost_caps::ws[0m[2m:[0m >>> text frame [3murl[0m[2m=[0mwss://gateway.discord.gg/?v=10&encoding=json [3mlen[0m[2m=[0m14 [3mpreview[0m[2m=[0m{"op":1,"d":1}
[2m2026-09-24T07:45:06.717362Z[0m [32m INFO[0m [2mhost_caps::ws[0m[2m:[0m <<< text frame [3murl[0m[2m=[0mwss://gateway.discord.gg/?v=10&encoding=json [3mlen[0m[2m=[0m36 [3mpreview[0m[2m=[0m{"t":null,"s":null,"op":11,"d":null}
[2m2026-09-24T07:45:47.875464Z[0m [32m INFO[0m [2mhost_caps::ws[0m[2m:[0m >>> text frame [3murl[0m[2m=[0mwss://gateway.discord.gg/?v=10&encoding=json [3mlen[0m[2m=[0m14 [3mpreview[0m[2m=[0m{"op":1,"d":1}
[2m2026-09-24T07:45:47.978064Z[0m [32m INFO[0m [2mhost_caps::ws[0m[2m:[0m <<< text frame [3murl[0m[2m=[0mwss://gateway.discord.gg/?v=10&encoding=json [3mlen[0m[2m=[0m36 [3mpreview[0m[2m=[0m{"t":null,"s":null,"op":11,"d":null}
[2m2026-09-24T07:46:29.129568Z[0m [32m INFO[0m [2mhost_caps::ws[0m[2m:[0m >>> text frame [3murl[0m[2m=[0mwss://gateway.discord.gg/?v=10&encoding=json [3mlen[0m[2m=[0m14 [3mpreview[0m[2m=[0m{"op":1,"d":1}
[2m2026-09-24T07:46:29.233766Z[0m [32m INFO[0m [2mhost_caps::ws[0m[2m:[0m <<< text frame [3murl[0m[2m=[0mwss://gateway.discord.gg/?v=10&encoding=json [3mlen[0m[2m=[0m36 [3mpreview[0m[2m=[0m{"t":null,"s":null,"op":11,"d":null}
[2m2026-09-24T07:47:10.384550Z[0m [32m INFO[0m [2mhost_caps::ws[0m[2m:[0m >>> text frame [3murl[0m[2m=[0mwss://gateway.discord.gg/?v=10&encoding=json [3mlen[0m[2m=[0m14 [3mpreview[0m[2m=[0m{"op":1,"d":1}
[2m2026-09-24T07:47:10.485714Z[0m [32m INFO[0m [2mhost_caps::ws[0m[2m:[0m <<< text frame [3murl[0m[2m=[0mwss://gateway.discord.gg/?v=10&encoding=json [3mlen[0m[2m=[0m36 [3mpreview[0m[2m=[0m{"t":null,"s":null,"op":11,"d":null}
[2m2026-09-24T07:47:51.651449Z[0m [32m INFO[0m [2mhost_caps::ws[0m[2m:[0m >>> text frame [3murl[0m[2m=[0mwss://gateway.discord.gg/?v=10&encoding=json [3mlen[0m[2m=[0m14 [3mpreview[0m[2m=[0m{"op":1,"d":1}
[2m2026-09-24T07:47:51.752378Z[0m [32m INFO[0m [2mhost_caps::ws[0m[2m:[0m <<< text frame [3murl[0m[2m=[0mwss://gateway.discord.gg/?v=10&encoding=json [3mlen[0m[2m=[0m36 [3mpreview[0m[2m=[0m{"t":null,"s":null,"op":11,"d":null}
[2m2026-09-24T07:48:32.917303Z[0m [32m INFO[0m [2mhost_caps::ws[0m[2m:[0m >>> text frame [3murl[0m[2m=[0mwss://gateway.discord.gg/?v=10&encoding=json [3mlen[0m[2m=[0m14 [3mpreview[0m[2m=[0m{"op":1,"d":1}
[2m2026-09-24T07:48:33.025335Z[0m [32m INFO[0m [2mhost_caps::ws[0m[2m:[0m <<< text frame [3murl[0m[2m=[0mwss://gateway.discord.gg/?v=10&encoding=json [3mlen[0m[2m=[0m36 [3mpreview[0m[2m=[0m{"t":null,"s":null,"op":11,"d":null}
[2m2026-09-24T07:49:14.175961Z[0m [32m INFO[0m [2mhost_caps::ws[0m[2m:[0m >>> text frame [3murl[0m[2m=[0mwss://gateway.discord.gg/?v=10&encoding=json [3mlen[0m[2m=[0m14 [3mpreview[0m[2m=[0m{"op":1,"d":1}
[2m2026-09-24T07:49:14.283990Z[0m [32m INFO[0m [2mhost_caps::ws[0m[2m:[0m <<< text frame [3murl[0m[2m=[0mwss://gateway.discord.gg/?v=10&encoding=json [3mlen[0m[2m=[0m36 [3mpreview[0m[2m=[0m{"t":null,"s":null,"op":11,"d":null}
[2m2026-09-24T07:49:55.435408Z[0m [32m INFO[0m [2mhost_caps::ws[0m[2m:[0m >>> text frame [3murl[0m[2m=[0mwss://gateway.discord.gg/?v=10&encoding=json [3mlen[0m[2m=[0m14 [3mpreview[0m[2m=[0m{"op":1,"d":1}
[2m2026-09-24T07:49:55.544803Z[0m [32m INFO[0m [2mhost_caps::ws[0m[2m:[0m <<< text frame [3murl[0m[2m=[0mwss://gateway.discord.gg/?v=10&encoding=json [3mlen[0m[2m=[0m36 [3mpreview[0m[2m=[0m{"t":null,"s":null,"op":11,"d":null}
[2m2026-09-24T07:50:36.694986Z[0m [32m INFO[0m [2mhost_caps::ws[0m[2m:[0m >>> text frame [3murl[0m[2m=[0mwss://gateway.discord.gg/?v=10&encoding=json [3mlen[0m[2m=[0m14 [3mpreview[0m[2m=[0m{"op":1,"d":1}
[2m2026-09-24T07:50:36.805453Z[0m [32m INFO[0m [2mhost_caps::ws[0m[2m:[0m <<< text frame [3murl[0m[2m=[0mwss://gateway.discord.gg/?v=10&encoding=json [3mlen[0m[2m=[0m36 [3mpreview[0m[2m=[0m{"t":null,"s":null,"op":11,"d":null}
[2m2026-09-24T07:51:17.955094Z[0m [32m INFO[0m [2mhost_caps::ws[0m[2m:[0m >>> text frame [3murl[0m[2m=[0mwss://gateway.discord.gg/?v=10&encoding=json [3mlen[0m[2m=[0m14 [3mpreview[0m[2m=[0m{"op":1,"d":1}
[2m2026-09-24T07:51:18.057470Z[0m [32m INFO[0m [2mhost_caps::ws[0m[2m:[0m <<< text frame [3murl[0m[2m=[0mwss://gateway.discord.gg/?v=10&encoding=json [3mlen[0m[2m=[0m36 [3mpreview[0m[2m=[0m{"t":null,"s":null,"op":11,"d":null}
[2m2026-09-24T07:51:59.219674Z[0m [32m INFO[0m [2mhost_caps::ws[0m[2m:[0m >>> text frame [3murl[0m[2m=[0mwss://gateway.discord.gg/?v=10&encoding=json [3mlen[0m[2m=[0m14 [3mpreview[0m[2m=[0m{"op":1,"d":1}
[2m2026-09-24T07:51:59.332084Z[0m [32m INFO[0m [2mhost_caps::ws[0m[2m:[0m <<< text frame [3murl[0m[2m=[0mwss://gateway.discord.gg/?v=10&encoding=json [3mlen[0m[2m=[0m36 [3mpreview[0m[2m=[0m{"t":null,"s":null,"op":11,"d":null}
[2m2026-09-24T07:52:40.475362Z[0m [32m INFO[0m [2mhost_caps::ws[0m[2m:[0m >>> text frame [3murl[0m[2m=[0mwss://gateway.discord.gg/?v=10&encoding=json [3mlen[0m[2m=[0m14 [3mpreview[0m[2m=[0m{"op":1,"d":1}
[2m2026-09-24T07:52:40.585957Z[0m [32m INFO[0m [2mhost_caps::ws[0m[2m:[0m <<< text frame [3murl[0m[2m=[0mwss://gateway.discord.gg/?v=10&encoding=json [3mlen[0m[2m=[0m36 [3mpreview[0m[2m=[0m{"t":null,"s":null,"op":11,"d":null}
[2m2026-09-24T07:53:21.735493Z[0m [32m INFO[0m [2mhost_caps::ws[0m[2m:[0m >>> text frame [3murl[0m[2m=[0mwss://gateway.discord.gg/?v=10&encoding=json [3mlen[0m[2m=[0m14 [3mpreview[0m[2m=[0m{"op":1,"d":1}
[2m2026-09-24T07:53:21.848494Z[0m [32m INFO[0m [2mhost_caps::ws[0m[2m:[0m <<< text frame [3murl[0m[2m=[0mwss://gateway.discord.gg/?v=10&encoding=json [3mlen[0m[2m=[0m36 [3mpreview[0m[2m=[0m{"t":null,"s":null,"op":11,"d":null}
[2m2026-09-24T07:54:02.994760Z[0m [32m INFO[0m [2mhost_caps::ws[0m[2m:[0m >>> text frame [3murl[0m[2m=[0mwss://gateway.discord.gg/?v=10&encoding=json [3mlen[0m[2m=[0m14 [3mpreview[0m[2m=[0m{"op":1,"d":1}
[2m2026-09-24T07:54:03.107580Z[0m [32m INFO[0m [2mhost_caps::ws[0m[2m:[0m <<< text frame [3murl[0m[2m=[0mwss://gateway.discord.gg/?v=10&encoding=json [3mlen[0m[2m=[0m36 [3mpreview[0m[2m=[0m{"t":null,"s":null,"op":11,"d":null}
[2m2026-09-24T07:54:44.249065Z[0m [32m INFO[0m [2mhost_caps::ws[0m[2m:[0m >>> text frame [3murl[0m[2m=[0mwss://gateway.discord.gg/?v=10&encoding=json [3mlen[0m[2m=[0m14 [3mpreview[0m[2m=[0m{"op":1,"d":1}
[2m2026-09-24T07:54:44.354084Z[0m [32m INFO[0m [2mhost_caps::ws[0m[2m:[0m <<< text frame [3murl[0m[2m=[0mwss://gateway.discord.gg/?v=10&encoding=json [3mlen[0m[2m=[0m36 [3mpreview[0m[2m=[0m{"t":null,"s":null,"op":11,"d":null}
[2m2026-09-24T07:55:25.501936Z[0m [32m INFO[0m [2mhost_caps::ws[0m[2m:[0m >>> text frame [3murl[0m[2m=[0mwss://gateway.discord.gg/?v=10&encoding=json [3mlen[0m[2m=[0m14 [3mpreview[0m[2m=[0m{"op":1,"d":1}
[2m2026-09-24T07:55:25.605121Z[0m [32m INFO[0m [2mhost_caps::ws[0m[2m:[0m <<< text frame [3murl[0m[2m=[0mwss://gateway.discord.gg/?v=10&encoding=json [3mlen[0m[2m=[0m36 [3mpreview[0m[2m=[0m{"t":null,"s":null,"op":11,"d":null}
[2m2026-09-24T07:56:06.753748Z[0m [32m INFO[0m [2mhost_caps::ws[0m[2m:[0m >>> text frame [3murl[0m[2m=[0mwss://gateway.discord.gg/?v=10&encoding=json [3mlen[0m[2m=[0m14 [3mpreview[0m[2m=[0m{"op":1,"d":1}
[2m2026-09-24T07:56:06.864688Z[0m [32m INFO[0m [2mhost_caps::ws[0m[2m:[0m <<< text frame [3murl[0m[2m=[0mwss://gateway.discord.gg/?v=10&encoding=json [3mlen[0m[2m=[0m36 [3mpreview[0m[2m=[0m{"t":null,"s":null,"op":11,"d":null}
[2m2026-09-24T07:56:48.002564Z[0m [32m INFO[0m [2mhost_caps::ws[0m[2m:[0m >>> text frame [3murl[0m[2m=[0mwss://gateway.discord.gg/?v=10&encoding=json [3mlen[0m[2m=[0m14 [3mpreview[0m[2m=[0m{"op":1,"d":1}
[2m2026-09-24T07:56:48.116253Z[0m [32m INFO[0m [2mhost_caps::ws[0m[2m:[0m <<< text frame [3murl[0m[2m=[0mwss://gateway.discord.gg/?v=10&encoding=json [3mlen[0m[2m=[0m36 [3mpreview[0m[2m=[0m{"t":null,"s":null,"op":11,"d":null}
[2m2026-09-24T07:57:29.254251Z[0m [32m INFO[0m [2mhost_caps::ws[0m[2m:[0m >>> text frame [3murl[0m[2m=[0mwss://gateway.discord.gg/?v=10&encoding=json [3mlen[0m[2m=[0m14 [3mpreview[0m[2m=[0m{"op":1,"d":1}
[2m2026-09-24T07:57:29.356283Z[0m [32m INFO[0m [2mhost_caps::ws[0m[2m:[0m <<< text frame [3murl[0m[2m=[0mwss://gateway.discord.gg/?v=10&encoding=json [3mlen[0m[2m=[0m36 [3mpreview[0m[2m=[0m{"t":null,"s":null,"op":11,"d":null}
[2m2026-09-24T07:58:10.516376Z[0m [32m INFO[0m [2mhost_caps::ws[0m[2m:[0m >>> text frame [3murl[0m[2m=[0mwss://gateway.discord.gg/?v=10&encoding=json [3mlen[0m[2m=[0m14 [3mpreview[0m[2m=[0m{"op":1,"d":1}
[2m2026-09-24T07:58:10.624551Z[0m [32m INFO[0m [2mhost_caps::ws[0m[2m:[0m <<< text frame [3murl[0m[2m=[0mwss://gateway.discord.gg/?v=10&encoding=json [3mlen[0m[2m=[0m36 [3mpreview[0m[2m=[0m{"t":null,"s":null,"op":11,"d":null}
[2m2026-09-24T07:58:51.780329Z[0m [32m INFO[0m [2mhost_caps::ws[0m[2m:[0m >>> text frame [3murl[0m[2m=[0mwss://gateway.discord.gg/?v=10&encoding=json [3mlen[0m[2m=[0m14 [3mpreview[0m[2m=[0m{"op":1,"d":1}
[2m2026-09-24T07:58:51.891438Z[0m [32m INFO[0m [2mhost_caps::ws[0m[2m:[0m <<< text frame [3murl[0m[2m=[0mwss://gateway.discord.gg/?v=10&encoding=json [3mlen[0m[2m=[0m36 [3mpreview[0m[2m=[0m{"t":null,"s":null,"op":11,"d":null}
[2m2026-09-24T07:59:33.037645Z[0m [32m INFO[0m [2mhost_caps::ws[0m[2m:[0m >>> text frame [3murl[0m[2m=[0mwss://gateway.discord.gg/?v=10&encoding=json [3mlen[0m[2m=[0m14 [3mpreview[0m[2m=[0m{"op":1,"d":1}
[2m2026-09-24T07:59:33.146497Z[0m [32m INFO[0m [2mhost_caps::ws[0m[2m:[0m <<< text frame [3murl[0m[2m=[0mwss://gateway.discord.gg/?v=10&encoding=json [3mlen[0m[2m=[0m36 [3mpreview[0m[2m=[0m{"t":null,"s":null,"op":11,"d":null}
[2m2026-09-24T08:00:14.297520Z[0m [32m INFO[0m [2mhost_caps::ws[0m[2m:[0m >>> text frame [3murl[0m[2m=[0mwss://gateway.discord.gg/?v=10&encoding=json [3mlen[0m[2m=[0m14 [3mpreview[0m[2m=[0m{"op":1,"d":1}
[2m2026-09-24T08:00:14.399336Z[0m [32m INFO[0m [2mhost_caps::ws[0m[2m:[0m <<< text frame [3murl[0m[2m=[0mwss://gateway.discord.gg/?v=10&encoding=json [3mlen[0m[2m=[0m36 [3mpreview[0m[2m=[0m{"t":null,"s":null,"op":11,"d":null}
[2m2026-09-24T08:00:55.549715Z[0m [32m INFO[0m [2mhost_caps::ws[0m[2m:[0m >>> text frame [3murl[0m[2m=[0mwss://gateway.discord.gg/?v=10&encoding=json [3mlen[0m[2m=[0m14 [3mpreview[0m[2m=[0m{"op":1,"d":1}
[2m2026-09-24T08:00:55.655018Z[0m [32m INFO[0m [2mhost_caps::ws[0m[2m:[0m <<< text frame [3murl[0m[2m=[0mwss://gateway.discord.gg/?v=10&encoding=json [3mlen[0m[2m=[0m36 [3mpreview[0m[2m=[0m{"t":null,"s":null,"op":11,"d":null}
[2m2026-09-24T08:01:36.807451Z[0m [32m INFO[0m [2mhost_caps::ws[0m[2m:[0m >>> text frame [3murl[0m[2m=[0mwss://gateway.discord.gg/?v=10&encoding=json [3mlen[0m[2m=[0m14 [3mpreview[0m[2m=[0m{"op":1,"d":1}
[2m2026-09-24T08:01:36.914950Z[0m [32m INFO[0m [2mhost_caps::ws[0m[2m:[0m <<< text frame [3murl[0m[2m=[0mwss://gateway.discord.gg/?v=10&encoding=json [3mlen[0m[2m=[0m36 [3mpreview[0m[2m=[0m{"t":null,"s":null,"op":11,"d":null}
[2m2026-09-24T08:02:18.066097Z[0m [32m INFO[0m [2mhost_caps::ws[0m[2m:[0m >>> text frame [3murl[0m[2m=[0mwss://gateway.discord.gg/?v=10&encoding=json [3mlen[0m[2m=[0m14 [3mpreview[0m[2m=[0m{"op":1,"d":1}
[2m2026-09-24T08:02:18.172261Z[0m [32m INFO[0m [2mhost_caps::ws[0m[2m:[0m <<< text frame [3murl[0m[2m=[0mwss://gateway.discord.gg/?v=10&encoding=json [3mlen[0m[2m=[0m36 [3mpreview[0m[2m=[0m{"t":null,"s":null,"op":11,"d":null}
[2m2026-09-24T08:02:59.324788Z[0m [32m INFO[0m [2mhost_caps::ws[0m[2m:[0m >>> text frame [3murl[0m[2m=[0mwss://gateway.discord.gg/?v=10&encoding=json [3mlen[0m[2m=[0m14 [3mpreview[0m[2m=[0m{"op":1,"d":1}
[2m2026-09-24T08:02:59.438114Z[0m [32m INFO[0m [2mhost_caps::ws[0m[2m:[0m <<< text frame [3murl[0m[2m=[0mwss://gateway.discord.gg/?v=10&encoding=json [3mlen[0m[2m=[0m36 [3mpreview[0m[2m=[0m{"t":null,"s":null,"op":11,"d":null}
[2m2026-09-24T08:03:40.580885Z[0m [32m INFO[0m [2mhost_caps::ws[0m[2m:[0m >>> text frame [3murl[0m[2m=[0mwss://gateway.discord.gg/?v=10&encoding=json [3mlen[0m[2m=[0m14 [3mpreview[0m[2m=[0m{"op":1,"d":1}
[2m2026-09-24T08:03:40.684876Z[0m [32m INFO[0m [2mhost_caps::ws[0m[2m:[0m <<< text frame [3murl[0m[2m=[0mwss://gateway.discord.gg/?v=10&encoding=json [3mlen[0m[2m=[0m36 [3mpreview[0m[2m=[0m{"t":null,"s":null,"op":11,"d":null}
[2m2026-09-24T08:04:21.836776Z[0m [32m INFO[0m [2mhost_caps::ws[0m[2m:[0m >>> text frame [3murl[0m[2m=[0mwss://gateway.discord.gg/?v=10&encoding=json [3mlen[0m[2m=[0m14 [3mpreview[0m[2m=[0m{"op":1,"d":1}
[2m2026-09-24T08:04:21.938847Z[0m [32m INFO[0m [2mhost_caps::ws[0m[2m:[0m <<< text frame [3murl[0m[2m=[0mwss://gateway.discord.gg/?v=10&encoding=json [3mlen[0m[2m=[0m36 [3mpreview[0m[2m=[0m{"t":null,"s":null,"op":11,"d":null}
[2m2026-09-24T08:04:36.187298Z[0m [33m WARN[0m [2minference_resolver[0m[2m:[0m configured inference endpoint denied by local-only policy [3mpurpose[0m[2m=[0mStandard [3merror[0m[2m=[0mDNS name "host.docker.internal" is not operator-approved
[2m2026-09-24T08:05:03.094139Z[0m [32m INFO[0m [2mhost_caps::ws[0m[2m:[0m >>> text frame [3murl[0m[2m=[0mwss://gateway.discord.gg/?v=10&encoding=json [3mlen[0m[2m=[0m14 [3mpreview[0m[2m=[0m{"op":1,"d":1}
[2m2026-09-24T08:05:03.207784Z[0m [32m INFO[0m [2mhost_caps::ws[0m[2m:[0m <<< text frame [3murl[0m[2m=[0mwss://gateway.discord.gg/?v=10&encoding=json [3mlen[0m[2m=[0m36 [3mpreview[0m[2m=[0m{"t":null,"s":null,"op":11,"d":null}
[2m2026-09-24T08:05:44.347781Z[0m [32m INFO[0m [2mhost_caps::ws[0m[2m:[0m >>> text frame [3murl[0m[2m=[0mwss://gateway.discord.gg/?v=10&encoding=json [3mlen[0m[2m=[0m14 [3mpreview[0m[2m=[0m{"op":1,"d":1}
[2m2026-09-24T08:05:44.450533Z[0m [32m INFO[0m [2mhost_caps::ws[0m[2m:[0m <<< text frame [3murl[0m[2m=[0mwss://gateway.discord.gg/?v=10&encoding=json [3mlen[0m[2m=[0m36 [3mpreview[0m[2m=[0m{"t":null,"s":null,"op":11,"d":null}
[2m2026-09-24T08:06:25.609492Z[0m [32m INFO[0m [2mhost_caps::ws[0m[2m:[0m >>> text frame [3murl[0m[2m=[0mwss://gateway.discord.gg/?v=10&encoding=json [3mlen[0m[2m=[0m14 [3mpreview[0m[2m=[0m{"op":1,"d":1}
[2m2026-09-24T08:06:25.711595Z[0m [32m INFO[0m [2mhost_caps::ws[0m[2m:[0m <<< text frame [3murl[0m[2m=[0mwss://gateway.discord.gg/?v=10&encoding=json [3mlen[0m[2m=[0m36 [3mpreview[0m[2m=[0m{"t":null,"s":null,"op":11,"d":null}
[2m2026-09-24T08:07:06.862679Z[0m [32m INFO[0m [2mhost_caps::ws[0m[2m:[0m >>> text frame [3murl[0m[2m=[0mwss://gateway.discord.gg/?v=10&encoding=json [3mlen[0m[2m=[0m14 [3mpreview[0m[2m=[0m{"op":1,"d":1}
[2m2026-09-24T08:07:06.964848Z[0m [32m INFO[0m [2mhost_caps::ws[0m[2m:[0m <<< text frame [3murl[0m[2m=[0mwss://gateway.discord.gg/?v=10&encoding=json [3mlen[0m[2m=[0m36 [3mpreview[0m[2m=[0m{"t":null,"s":null,"op":11,"d":null}
[2m2026-09-24T08:07:48.122368Z[0m [32m INFO[0m [2mhost_caps::ws[0m[2m:[0m >>> text frame [3murl[0m[2m=[0mwss://gateway.discord.gg/?v=10&encoding=json [3mlen[0m[2m=[0m14 [3mpreview[0m[2m=[0m{"op":1,"d":1}
[2m2026-09-24T08:07:48.233182Z[0m [32m INFO[0m [2mhost_caps::ws[0m[2m:[0m <<< text frame [3murl[0m[2m=[0mwss://gateway.discord.gg/?v=10&encoding=json [3mlen[0m[2m=[0m36 [3mpreview[0m[2m=[0m{"t":null,"s":null,"op":11,"d":null}
[2m2026-09-24T08:08:29.387738Z[0m [32m INFO[0m [2mhost_caps::ws[0m[2m:[0m >>> text frame [3murl[0m[2m=[0mwss://gateway.discord.gg/?v=10&encoding=json [3mlen[0m[2m=[0m14 [3mpreview[0m[2m=[0m{"op":1,"d":1}
[2m2026-09-24T08:08:29.489482Z[0m [32m INFO[0m [2mhost_caps::ws[0m[2m:[0m <<< text frame [3murl[0m[2m=[0mwss://gateway.discord.gg/?v=10&encoding=json [3mlen[0m[2m=[0m36 [3mpreview[0m[2m=[0m{"t":null,"s":null,"op":11,"d":null}
[2m2026-09-24T08:09:10.641972Z[0m [32m INFO[0m [2mhost_caps::ws[0m[2m:[0m >>> text frame [3murl[0m[2m=[0mwss://gateway.discord.gg/?v=10&encoding=json [3mlen[0m[2m=[0m14 [3mpreview[0m[2m=[0m{"op":1,"d":1}
[2m2026-09-24T08:09:10.743940Z[0m [32m INFO[0m [2mhost_caps::ws[0m[2m:[0m <<< text frame [3murl[0m[2m=[0mwss://gateway.discord.gg/?v=10&encoding=json [3mlen[0m[2m=[0m36 [3mpreview[0m[2m=[0m{"t":null,"s":null,"op":11,"d":null}
[2m2026-09-24T08:09:51.903330Z[0m [32m INFO[0m [2mhost_caps::ws[0m[2m:[0m >>> text frame [3murl[0m[2m=[0mwss://gateway.discord.gg/?v=10&encoding=json [3mlen[0m[2m=[0m14 [3mpreview[0m[2m=[0m{"op":1,"d":1}
[2m2026-09-24T08:09:52.015799Z[0m [32m INFO[0m [2mhost_caps::ws[0m[2m:[0m <<< text frame [3murl[0m[2m=[0mwss://gateway.discord.gg/?v=10&encoding=json [3mlen[0m[2m=[0m36 [3mpreview[0m[2m=[0m{"t":null,"s":null,"op":11,"d":null}
[2m2026-09-24T08:10:33.169286Z[0m [32m INFO[0m [2mhost_caps::ws[0m[2m:[0m >>> text frame [3murl[0m[2m=[0mwss://gateway.discord.gg/?v=10&encoding=json [3mlen[0m[2m=[0m14 [3mpreview[0m[2m=[0m{"op":1,"d":1}
[2m2026-09-24T08:10:33.278582Z[0m [32m INFO[0m [2mhost_caps::ws[0m[2m:[0m <<< text frame [3murl[0m[2m=[0mwss://gateway.discord.gg/?v=10&encoding=json [3mlen[0m[2m=[0m36 [3mpreview[0m[2m=[0m{"t":null,"s":null,"op":11,"d":null}
[2m2026-09-24T08:11:14.432781Z[0m [32m INFO[0m [2mhost_caps::ws[0m[2m:[0m >>> text frame [3murl[0m[2m=[0mwss://gateway.discord.gg/?v=10&encoding=json [3mlen[0m[2m=[0m14 [3mpreview[0m[2m=[0m{"op":1,"d":1}
[2m2026-09-24T08:11:14.534891Z[0m [32m INFO[0m [2mhost_caps::ws[0m[2m:[0m <<< text frame [3murl[0m[2m=[0mwss://gateway.discord.gg/?v=10&encoding=json [3mlen[0m[2m=[0m36 [3mpreview[0m[2m=[0m{"t":null,"s":null,"op":11,"d":null}
[2m2026-09-24T08:11:55.685497Z[0m [32m INFO[0m [2mhost_caps::ws[0m[2m:[0m >>> text frame [3murl[0m[2m=[0mwss://gateway.discord.gg/?v=10&encoding=json [3mlen[0m[2m=[0m14 [3mpreview[0m[2m=[0m{"op":1,"d":1}
[2m2026-09-24T08:11:55.787289Z[0m [32m INFO[0m [2mhost_caps::ws[0m[2m:[0m <<< text frame [3murl[0m[2m=[0mwss://gateway.discord.gg/?v=10&encoding=json [3mlen[0m[2m=[0m36 [3mpreview[0m[2m=[0m{"t":null,"s":null,"op":11,"d":null}
[2m2026-09-24T08:12:36.944795Z[0m [32m INFO[0m [2mhost_caps::ws[0m[2m:[0m >>> text frame [3murl[0m[2m=[0mwss://gateway.discord.gg/?v=10&encoding=json [3mlen[0m[2m=[0m14 [3mpreview[0m[2m=[0m{"op":1,"d":1}
[2m2026-09-24T08:12:37.046024Z[0m [32m INFO[0m [2mhost_caps::ws[0m[2m:[0m <<< text frame [3murl[0m[2m=[0mwss://gateway.discord.gg/?v=10&encoding=json [3mlen[0m[2m=[0m36 [3mpreview[0m[2m=[0m{"t":null,"s":null,"op":11,"d":null}
[2m2026-09-24T08:13:18.201084Z[0m [32m INFO[0m [2mhost_caps::ws[0m[2m:[0m >>> text frame [3murl[0m[2m=[0mwss://gateway.discord.gg/?v=10&encoding=json [3mlen[0m[2m=[0m14 [3mpreview[0m[2m=[0m{"op":1,"d":1}
[2m2026-09-24T08:13:18.303034Z[0m [32m INFO[0m [2mhost_caps::ws[0m[2m:[0m <<< text frame [3murl[0m[2m=[0mwss://gateway.discord.gg/?v=10&encoding=json [3mlen[0m[2m=[0m36 [3mpreview[0m[2m=[0m{"t":null,"s":null,"op":11,"d":null}
[2m2026-09-24T08:13:59.465063Z[0m [32m INFO[0m [2mhost_caps::ws[0m[2m:[0m >>> text frame [3murl[0m[2m=[0mwss://gateway.discord.gg/?v=10&encoding=json [3mlen[0m[2m=[0m14 [3mpreview[0m[2m=[0m{"op":1,"d":1}
[2m2026-09-24T08:13:59.566469Z[0m [32m INFO[0m [2mhost_caps::ws[0m[2m:[0m <<< text frame [3murl[0m[2m=[0mwss://gateway.discord.gg/?v=10&encoding=json [3mlen[0m[2m=[0m36 [3mpreview[0m[2m=[0m{"t":null,"s":null,"op":11,"d":null}
[2m2026-09-24T08:14:40.719357Z[0m [32m INFO[0m [2mhost_caps::ws[0m[2m:[0m >>> text frame [3murl[0m[2m=[0mwss://gateway.discord.gg/?v=10&encoding=json [3mlen[0m[2m=[0m14 [3mpreview[0m[2m=[0m{"op":1,"d":1}
[2m2026-09-24T08:14:40.821797Z[0m [32m INFO[0m [2mhost_caps::ws[0m[2m:[0m <<< text frame [3murl[0m[2m=[0mwss://gateway.discord.gg/?v=10&encoding=json [3mlen[0m[2m=[0m36 [3mpreview[0m[2m=[0m{"t":null,"s":null,"op":11,"d":null}
[2m2026-09-24T08:15:21.976362Z[0m [32m INFO[0m [2mhost_caps::ws[0m[2m:[0m >>> text frame [3murl[0m[2m=[0mwss://gateway.discord.gg/?v=10&encoding=json [3mlen[0m[2m=[0m14 [3mpreview[0m[2m=[0m{"op":1,"d":1}
[2m2026-09-24T08:15:22.079413Z[0m [32m INFO[0m [2mhost_caps::ws[0m[2m:[0m <<< text frame [3murl[0m[2m=[0mwss://gateway.discord.gg/?v=10&encoding=json [3mlen[0m[2m=[0m36 [3mpreview[0m[2m=[0m{"t":null,"s":null,"op":11,"d":null}
[2m2026-09-24T08:16:03.240298Z[0m [32m INFO[0m [2mhost_caps::ws[0m[2m:[0m >>> text frame [3murl[0m[2m=[0mwss://gateway.discord.gg/?v=10&encoding=json [3mlen[0m[2m=[0m14 [3mpreview[0m[2m=[0m{"op":1,"d":1}
[2m2026-09-24T08:16:03.343683Z[0m [32m INFO[0m [2mhost_caps::ws[0m[2m:[0m <<< text frame [3murl[0m[2m=[0mwss://gateway.discord.gg/?v=10&encoding=json [3mlen[0m[2m=[0m36 [3mpreview[0m[2m=[0m{"t":null,"s":null,"op":11,"d":null}
[2m2026-09-24T08:16:44.494554Z[0m [32m INFO[0m [2mhost_caps::ws[0m[2m:[0m >>> text frame [3murl[0m[2m=[0mwss://gateway.discord.gg/?v=10&encoding=json [3mlen[0m[2m=[0m14 [3mpreview[0m[2m=[0m{"op":1,"d":1}
[2m2026-09-24T08:16:44.593868Z[0m [32m INFO[0m [2mhost_caps::ws[0m[2m:[0m <<< text frame [3murl[0m[2m=[0mwss://gateway.discord.gg/?v=10&encoding=json [3mlen[0m[2m=[0m36 [3mpreview[0m[2m=[0m{"t":null,"s":null,"op":11,"d":null}
[2m2026-09-24T08:17:25.752689Z[0m [32m INFO[0m [2mhost_caps::ws[0m[2m:[0m >>> text frame [3murl[0m[2m=[0mwss://gateway.discord.gg/?v=10&encoding=json [3mlen[0m[2m=[0m14 [3mpreview[0m[2m=[0m{"op":1,"d":1}
[2m2026-09-24T08:17:25.854196Z[0m [32m INFO[0m [2mhost_caps::ws[0m[2m:[0m <<< text frame [3murl[0m[2m=[0mwss://gateway.discord.gg/?v=10&encoding=json [3mlen[0m[2m=[0m36 [3mpreview[0m[2m=[0m{"t":null,"s":null,"op":11,"d":null}
[2m2026-09-24T08:18:07.006141Z[0m [32m INFO[0m [2mhost_caps::ws[0m[2m:[0m >>> text frame [3murl[0m[2m=[0mwss://gateway.discord.gg/?v=10&encoding=json [3mlen[0m[2m=[0m14 [3mpreview[0m[2m=[0m{"op":1,"d":1}
[2m2026-09-24T08:18:07.109073Z[0m [32m INFO[0m [2mhost_caps::ws[0m[2m:[0m <<< text frame [3murl[0m[2m=[0mwss://gateway.discord.gg/?v=10&encoding=json [3mlen[0m[2m=[0m36 [3mpreview[0m[2m=[0m{"t":null,"s":null,"op":11,"d":null}
[2m2026-09-24T08:18:48.264815Z[0m [32m INFO[0m [2mhost_caps::ws[0m[2m:[0m >>> text frame [3murl[0m[2m=[0mwss://gateway.discord.gg/?v=10&encoding=json [3mlen[0m[2m=[0m14 [3mpreview[0m[2m=[0m{"op":1,"d":1}
[2m2026-09-24T08:18:48.365462Z[0m [32m INFO[0m [2mhost_caps::ws[0m[2m:[0m <<< text frame [3murl[0m[2m=[0mwss://gateway.discord.gg/?v=10&encoding=json [3mlen[0m[2m=[0m36 [3mpreview[0m[2m=[0m{"t":null,"s":null,"op":11,"d":null}
[2m2026-09-24T08:19:29.527392Z[0m [32m INFO[0m [2mhost_caps::ws[0m[2m:[0m >>> text frame [3murl[0m[2m=[0mwss://gateway.discord.gg/?v=10&encoding=json [3mlen[0m[2m=[0m14 [3mpreview[0m[2m=[0m{"op":1,"d":1}
[2m2026-09-24T08:19:29.627640Z[0m [32m INFO[0m [2mhost_caps::ws[0m[2m:[0m <<< text frame [3murl[0m[2m=[0mwss://gateway.discord.gg/?v=10&encoding=json [3mlen[0m[2m=[0m36 [3mpreview[0m[2m=[0m{"t":null,"s":null,"op":11,"d":null}
[2m2026-09-24T08:20:10.779575Z[0m [32m INFO[0m [2mhost_caps::ws[0m[2m:[0m >>> text frame [3murl[0m[2m=[0mwss://gateway.discord.gg/?v=10&encoding=json [3mlen[0m[2m=[0m14 [3mpreview[0m[2m=[0m{"op":1,"d":1}
[2m2026-09-24T08:20:10.879818Z[0m [32m INFO[0m [2mhost_caps::ws[0m[2m:[0m <<< text frame [3murl[0m[2m=[0mwss://gateway.discord.gg/?v=10&encoding=json [3mlen[0m[2m=[0m36 [3mpreview[0m[2m=[0m{"t":null,"s":null,"op":11,"d":null}
[2m2026-09-24T08:20:52.040315Z[0m [32m INFO[0m [2mhost_caps::ws[0m[2m:[0m >>> text frame [3murl[0m[2m=[0mwss://gateway.discord.gg/?v=10&encoding=json [3mlen[0m[2m=[0m14 [3mpreview[0m[2m=[0m{"op":1,"d":1}
[2m2026-09-24T08:20:52.141614Z[0m [32m INFO[0m [2mhost_caps::ws[0m[2m:[0m <<< text frame [3murl[0m[2m=[0mwss://gateway.discord.gg/?v=10&encoding=json [3mlen[0m[2m=[0m36 [3mpreview[0m[2m=[0m{"t":null,"s":null,"op":11,"d":null}
[2m2026-09-24T08:21:33.293308Z[0m [32m INFO[0m [2mhost_caps::ws[0m[2m:[0m >>> text frame [3murl[0m[2m=[0mwss://gateway.discord.gg/?v=10&encoding=json [3mlen[0m[2m=[0m14 [3mpreview[0m[2m=[0m{"op":1,"d":1}
[2m2026-09-24T08:21:33.396250Z[0m [32m INFO[0m [2mhost_caps::ws[0m[2m:[0m <<< text frame [3murl[0m[2m=[0mwss://gateway.discord.gg/?v=10&encoding=json [3mlen[0m[2m=[0m36 [3mpreview[0m[2m=[0m{"t":null,"s":null,"op":11,"d":null}
[2m2026-09-24T08:22:14.540890Z[0m [32m INFO[0m [2mhost_caps::ws[0m[2m:[0m >>> text frame [3murl[0m[2m=[0mwss://gateway.discord.gg/?v=10&encoding=json [3mlen[0m[2m=[0m14 [3mpreview[0m[2m=[0m{"op":1,"d":1}
[2m2026-09-24T08:22:14.645281Z[0m [32m INFO[0m [2mhost_caps::ws[0m[2m:[0m <<< text frame [3murl[0m[2m=[0mwss://gateway.discord.gg/?v=10&encoding=json [3mlen[0m[2m=[0m36 [3mpreview[0m[2m=[0m{"t":null,"s":null,"op":11,"d":null}
[2m2026-09-24T08:22:55.793653Z[0m [32m INFO[0m [2mhost_caps::ws[0m[2m:[0m >>> text frame [3murl[0m[2m=[0mwss://gateway.discord.gg/?v=10&encoding=json [3mlen[0m[2m=[0m14 [3mpreview[0m[2m=[0m{"op":1,"d":1}
[2m2026-09-24T08:22:55.894194Z[0m [32m INFO[0m [2mhost_caps::ws[0m[2m:[0m <<< text frame [3murl[0m[2m=[0mwss://gateway.discord.gg/?v=10&encoding=json [3mlen[0m[2m=[0m36 [3mpreview[0m[2m=[0m{"t":null,"s":null,"op":11,"d":null}
[2m2026-09-24T08:23:37.047316Z[0m [32m INFO[0m [2mhost_caps::ws[0m[2m:[0m >>> text frame [3murl[0m[2m=[0mwss://gateway.discord.gg/?v=10&encoding=json [3mlen[0m[2m=[0m14 [3mpreview[0m[2m=[0m{"op":1,"d":1}
[2m2026-09-24T08:23:37.149816Z[0m [32m INFO[0m [2mhost_caps::ws[0m[2m:[0m <<< text frame [3murl[0m[2m=[0mwss://gateway.discord.gg/?v=10&encoding=json [3mlen[0m[2m=[0m36 [3mpreview[0m[2m=[0m{"t":null,"s":null,"op":11,"d":null}
[2m2026-09-24T08:24:18.309546Z[0m [32m INFO[0m [2mhost_caps::ws[0m[2m:[0m >>> text frame [3murl[0m[2m=[0mwss://gateway.discord.gg/?v=10&encoding=json [3mlen[0m[2m=[0m14 [3mpreview[0m[2m=[0m{"op":1,"d":1}
[2m2026-09-24T08:24:18.414844Z[0m [32m INFO[0m [2mhost_caps::ws[0m[2m:[0m <<< text frame [3murl[0m[2m=[0mwss://gateway.discord.gg/?v=10&encoding=json [3mlen[0m[2m=[0m36 [3mpreview[0m[2m=[0m{"t":null,"s":null,"op":11,"d":null}
[2m2026-09-24T08:24:59.575434Z[0m [32m INFO[0m [2mhost_caps::ws[0m[2m:[0m >>> text frame [3murl[0m[2m=[0mwss://gateway.discord.gg/?v=10&encoding=json [3mlen[0m[2m=[0m14 [3mpreview[0m[2m=[0m{"op":1,"d":1}
[2m2026-09-24T08:24:59.678628Z[0m [32m INFO[0m [2mhost_caps::ws[0m[2m:[0m <<< text frame [3murl[0m[2m=[0mwss://gateway.discord.gg/?v=10&encoding=json [3mlen[0m[2m=[0m36 [3mpreview[0m[2m=[0m{"t":null,"s":null,"op":11,"d":null}
[2m2026-09-24T08:25:40.828965Z[0m [32m INFO[0m [2mhost_caps::ws[0m[2m:[0m >>> text frame [3murl[0m[2m=[0mwss://gateway.discord.gg/?v=10&encoding=json [3mlen[0m[2m=[0m14 [3mpreview[0m[2m=[0m{"op":1,"d":1}
[2m2026-09-24T08:25:40.929104Z[0m [32m INFO[0m [2mhost_caps::ws[0m[2m:[0m <<< text frame [3murl[0m[2m=[0mwss://gateway.discord.gg/?v=10&encoding=json [3mlen[0m[2m=[0m36 [3mpreview[0m[2m=[0m{"t":null,"s":null,"op":11,"d":null}
[2m2026-09-24T08:26:22.095352Z[0m [32m INFO[0m [2mhost_caps::ws[0m[2m:[0m >>> text frame [3murl[0m[2m=[0mwss://gateway.discord.gg/?v=10&encoding=json [3mlen[0m[2m=[0m14 [3mpreview[0m[2m=[0m{"op":1,"d":1}
[2m2026-09-24T08:26:22.196381Z[0m [32m INFO[0m [2mhost_caps::ws[0m[2m:[0m <<< text frame [3murl[0m[2m=[0mwss://gateway.discord.gg/?v=10&encoding=json [3mlen[0m[2m=[0m36 [3mpreview[0m[2m=[0m{"t":null,"s":null,"op":11,"d":null}
[2m2026-09-24T08:27:03.354124Z[0m [32m INFO[0m [2mhost_caps::ws[0m[2m:[0m >>> text frame [3murl[0m[2m=[0mwss://gateway.discord.gg/?v=10&encoding=json [3mlen[0m[2m=[0m14 [3mpreview[0m[2m=[0m{"op":1,"d":1}
[2m2026-09-24T08:27:03.454735Z[0m [32m INFO[0m [2mhost_caps::ws[0m[2m:[0m <<< text frame [3murl[0m[2m=[0mwss://gateway.discord.gg/?v=10&encoding=json [3mlen[0m[2m=[0m36 [3mpreview[0m[2m=[0m{"t":null,"s":null,"op":11,"d":null}
[2m2026-09-24T08:27:44.612542Z[0m [32m INFO[0m [2mhost_caps::ws[0m[2m:[0m >>> text frame [3murl[0m[2m=[0mwss://gateway.discord.gg/?v=10&encoding=json [3mlen[0m[2m=[0m14 [3mpreview[0m[2m=[0m{"op":1,"d":1}
[2m2026-09-24T08:27:44.712662Z[0m [32m INFO[0m [2mhost_caps::ws[0m[2m:[0m <<< text frame [3murl[0m[2m=[0mwss://gateway.discord.gg/?v=10&encoding=json [3mlen[0m[2m=[0m36 [3mpreview[0m[2m=[0m{"t":null,"s":null,"op":11,"d":null}
[2m2026-09-24T08:28:25.875201Z[0m [32m INFO[0m [2mhost_caps::ws[0m[2m:[0m >>> text frame [3murl[0m[2m=[0mwss://gateway.discord.gg/?v=10&encoding=json [3mlen[0m[2m=[0m14 [3mpreview[0m[2m=[0m{"op":1,"d":1}
[2m2026-09-24T08:28:25.982387Z[0m [32m INFO[0m [2mhost_caps::ws[0m[2m:[0m <<< text frame [3murl[0m[2m=[0mwss://gateway.discord.gg/?v=10&encoding=json [3mlen[0m[2m=[0m36 [3mpreview[0m[2m=[0m{"t":null,"s":null,"op":11,"d":null}
[2m2026-09-24T08:29:07.127521Z[0m [32m INFO[0m [2mhost_caps::ws[0m[2m:[0m >>> text frame [3murl[0m[2m=[0mwss://gateway.discord.gg/?v=10&encoding=json [3mlen[0m[2m=[0m14 [3mpreview[0m[2m=[0m{"op":1,"d":1}
[2m2026-09-24T08:29:07.236099Z[0m [32m INFO[0m [2mhost_caps::ws[0m[2m:[0m <<< text frame [3murl[0m[2m=[0mwss://gateway.discord.gg/?v=10&encoding=json [3mlen[0m[2m=[0m36 [3mpreview[0m[2m=[0m{"t":null,"s":null,"op":11,"d":null}
[2m2026-09-24T08:29:48.379274Z[0m [32m INFO[0m [2mhost_caps::ws[0m[2m:[0m >>> text frame [3murl[0m[2m=[0mwss://gateway.discord.gg/?v=10&encoding=json [3mlen[0m[2m=[0m14 [3mpreview[0m[2m=[0m{"op":1,"d":1}
[2m2026-09-24T08:29:48.480773Z[0m [32m INFO[0m [2mhost_caps::ws[0m[2m:[0m <<< text frame [3murl[0m[2m=[0mwss://gateway.discord.gg/?v=10&encoding=json [3mlen[0m[2m=[0m36 [3mpreview[0m[2m=[0m{"t":null,"s":null,"op":11,"d":null}
[2m2026-09-24T08:30:29.636819Z[0m [32m INFO[0m [2mhost_caps::ws[0m[2m:[0m >>> text frame [3murl[0m[2m=[0mwss://gateway.discord.gg/?v=10&encoding=json [3mlen[0m[2m=[0m14 [3mpreview[0m[2m=[0m{"op":1,"d":1}
[2m2026-09-24T08:30:29.739700Z[0m [32m INFO[0m [2mhost_caps::ws[0m[2m:[0m <<< text frame [3murl[0m[2m=[0mwss://gateway.discord.gg/?v=10&encoding=json [3mlen[0m[2m=[0m36 [3mpreview[0m[2m=[0m{"t":null,"s":null,"op":11,"d":null}
[2m2026-09-24T08:31:10.895795Z[0m [32m INFO[0m [2mhost_caps::ws[0m[2m:[0m >>> text frame [3murl[0m[2m=[0mwss://gateway.discord.gg/?v=10&encoding=json [3mlen[0m[2m=[0m14 [3mpreview[0m[2m=[0m{"op":1,"d":1}
[2m2026-09-24T08:31:10.996947Z[0m [32m INFO[0m [2mhost_caps::ws[0m[2m:[0m <<< text frame [3murl[0m[2m=[0mwss://gateway.discord.gg/?v=10&encoding=json [3mlen[0m[2m=[0m36 [3mpreview[0m[2m=[0m{"t":null,"s":null,"op":11,"d":null}
[2m2026-09-24T08:31:52.148821Z[0m [32m INFO[0m [2mhost_caps::ws[0m[2m:[0m >>> text frame [3murl[0m[2m=[0mwss://gateway.discord.gg/?v=10&encoding=json [3mlen[0m[2m=[0m14 [3mpreview[0m[2m=[0m{"op":1,"d":1}
[2m2026-09-24T08:31:52.259061Z[0m [32m INFO[0m [2mhost_caps::ws[0m[2m:[0m <<< text frame [3murl[0m[2m=[0mwss://gateway.discord.gg/?v=10&encoding=json [3mlen[0m[2m=[0m36 [3mpreview[0m[2m=[0m{"t":null,"s":null,"op":11,"d":null}
[2m2026-09-24T08:32:33.403719Z[0m [32m INFO[0m [2mhost_caps::ws[0m[2m:[0m >>> text frame [3murl[0m[2m=[0mwss://gateway.discord.gg/?v=10&encoding=json [3mlen[0m[2m=[0m14 [3mpreview[0m[2m=[0m{"op":1,"d":1}
[2m2026-09-24T08:32:33.504896Z[0m [32m INFO[0m [2mhost_caps::ws[0m[2m:[0m <<< text frame [3murl[0m[2m=[0mwss://gateway.discord.gg/?v=10&encoding=json [3mlen[0m[2m=[0m36 [3mpreview[0m[2m=[0m{"t":null,"s":null,"op":11,"d":null}
[2m2026-09-24T08:32:36.990655Z[0m [33m WARN[0m [2minference_resolver[0m[2m:[0m configured inference endpoint denied by local-only policy [3mpurpose[0m[2m=[0mStandard [3merror[0m[2m=[0mDNS name "host.docker.internal" is not operator-approved
[2m2026-09-24T08:33:14.661825Z[0m [32m INFO[0m [2mhost_caps::ws[0m[2m:[0m >>> text frame [3murl[0m[2m=[0mwss://gateway.discord.gg/?v=10&encoding=json [3mlen[0m[2m=[0m14 [3mpreview[0m[2m=[0m{"op":1,"d":1}
[2m2026-09-24T08:33:14.769160Z[0m [32m INFO[0m [2mhost_caps::ws[0m[2m:[0m <<< text frame [3murl[0m[2m=[0mwss://gateway.discord.gg/?v=10&encoding=json [3mlen[0m[2m=[0m36 [3mpreview[0m[2m=[0m{"t":null,"s":null,"op":11,"d":null}
[2m2026-09-24T08:33:55.916808Z[0m [32m INFO[0m [2mhost_caps::ws[0m[2m:[0m >>> text frame [3murl[0m[2m=[0mwss://gateway.discord.gg/?v=10&encoding=json [3mlen[0m[2m=[0m14 [3mpreview[0m[2m=[0m{"op":1,"d":1}
[2m2026-09-24T08:33:56.021040Z[0m [32m INFO[0m [2mhost_caps::ws[0m[2m:[0m <<< text frame [3murl[0m[2m=[0mwss://gateway.discord.gg/?v=10&encoding=json [3mlen[0m[2m=[0m36 [3mpreview[0m[2m=[0m{"t":null,"s":null,"op":11,"d":null}
[2m2026-09-24T08:34:37.169533Z[0m [32m INFO[0m [2mhost_caps::ws[0m[2m:[0m >>> text frame [3murl[0m[2m=[0mwss://gateway.discord.gg/?v=10&encoding=json [3mlen[0m[2m=[0m14 [3mpreview[0m[2m=[0m{"op":1,"d":1}
[2m2026-09-24T08:34:37.283454Z[0m [32m INFO[0m [2mhost_caps::ws[0m[2m:[0m <<< text frame [3murl[0m[2m=[0mwss://gateway.discord.gg/?v=10&encoding=json [3mlen[0m[2m=[0m36 [3mpreview[0m[2m=[0m{"t":null,"s":null,"op":11,"d":null}
[2m2026-09-24T08:35:18.431623Z[0m [32m INFO[0m [2mhost_caps::ws[0m[2m:[0m >>> text frame [3murl[0m[2m=[0mwss://gateway.discord.gg/?v=10&encoding=json [3mlen[0m[2m=[0m14 [3mpreview[0m[2m=[0m{"op":1,"d":1}
[2m2026-09-24T08:35:18.534051Z[0m [32m INFO[0m [2mhost_caps::ws[0m[2m:[0m <<< text frame [3murl[0m[2m=[0mwss://gateway.discord.gg/?v=10&encoding=json [3mlen[0m[2m=[0m36 [3mpreview[0m[2m=[0m{"t":null,"s":null,"op":11,"d":null}
[2m2026-09-24T08:35:59.709289Z[0m [32m INFO[0m [2mhost_caps::ws[0m[2m:[0m >>> text frame [3murl[0m[2m=[0mwss://gateway.discord.gg/?v=10&encoding=json [3mlen[0m[2m=[0m14 [3mpreview[0m[2m=[0m{"op":1,"d":1}
[2m2026-09-24T08:35:59.819429Z[0m [32m INFO[0m [2mhost_caps::ws[0m[2m:[0m <<< text frame [3murl[0m[2m=[0mwss://gateway.discord.gg/?v=10&encoding=json [3mlen[0m[2m=[0m36 [3mpreview[0m[2m=[0m{"t":null,"s":null,"op":11,"d":null}
[2m2026-09-24T08:36:40.949191Z[0m [32m INFO[0m [2mhost_caps::ws[0m[2m:[0m >>> text frame [3murl[0m[2m=[0mwss://gateway.discord.gg/?v=10&encoding=json [3mlen[0m[2m=[0m14 [3mpreview[0m[2m=[0m{"op":1,"d":1}
[2m2026-09-24T08:36:41.063504Z[0m [32m INFO[0m [2mhost_caps::ws[0m[2m:[0m <<< text frame [3murl[0m[2m=[0mwss://gateway.discord.gg/?v=10&encoding=json [3mlen[0m[2m=[0m36 [3mpreview[0m[2m=[0m{"t":null,"s":null,"op":11,"d":null}
[2m2026-09-24T08:37:22.236357Z[0m [32m INFO[0m [2mhost_caps::ws[0m[2m:[0m >>> text frame [3murl[0m[2m=[0mwss://gateway.discord.gg/?v=10&encoding=json [3mlen[0m[2m=[0m14 [3mpreview[0m[2m=[0m{"op":1,"d":1}
[2m2026-09-24T08:37:22.343479Z[0m [32m INFO[0m [2mhost_caps::ws[0m[2m:[0m <<< text frame [3murl[0m[2m=[0mwss://gateway.discord.gg/?v=10&encoding=json [3mlen[0m[2m=[0m36 [3mpreview[0m[2m=[0m{"t":null,"s":null,"op":11,"d":null}
[2m2026-09-24T08:38:03.495029Z[0m [32m INFO[0m [2mhost_caps::ws[0m[2m:[0m >>> text frame [3murl[0m[2m=[0mwss://gateway.discord.gg/?v=10&encoding=json [3mlen[0m[2m=[0m14 [3mpreview[0m[2m=[0m{"op":1,"d":1}
[2m2026-09-24T08:38:03.604873Z[0m [32m INFO[0m [2mhost_caps::ws[0m[2m:[0m <<< text frame [3murl[0m[2m=[0mwss://gateway.discord.gg/?v=10&encoding=json [3mlen[0m[2m=[0m36 [3mpreview[0m[2m=[0m{"t":null,"s":null,"op":11,"d":null}
[2m2026-09-24T08:38:44.755673Z[0m [32m INFO[0m [2mhost_caps::ws[0m[2m:[0m >>> text frame [3murl[0m[2m=[0mwss://gateway.discord.gg/?v=10&encoding=json [3mlen[0m[2m=[0m14 [3mpreview[0m[2m=[0m{"op":1,"d":1}
[2m2026-09-24T08:38:44.867851Z[0m [32m INFO[0m [2mhost_caps::ws[0m[2m:[0m <<< text frame [3murl[0m[2m=[0mwss://gateway.discord.gg/?v=10&encoding=json [3mlen[0m[2m=[0m36 [3mpreview[0m[2m=[0m{"t":null,"s":null,"op":11,"d":null}
[2m2026-09-24T08:39:26.013750Z[0m [32m INFO[0m [2mhost_caps::ws[0m[2m:[0m >>> text frame [3murl[0m[2m=[0mwss://gateway.discord.gg/?v=10&encoding=json [3mlen[0m[2m=[0m14 [3mpreview[0m[2m=[0m{"op":1,"d":1}
[2m2026-09-24T08:39:26.121386Z[0m [32m INFO[0m [2mhost_caps::ws[0m[2m:[0m <<< text frame [3murl[0m[2m=[0mwss://gateway.discord.gg/?v=10&encoding=json [3mlen[0m[2m=[0m36 [3mpreview[0m[2m=[0m{"t":null,"s":null,"op":11,"d":null}
[2m2026-09-24T08:40:07.271212Z[0m [32m INFO[0m [2mhost_caps::ws[0m[2m:[0m >>> text frame [3murl[0m[2m=[0mwss://gateway.discord.gg/?v=10&encoding=json [3mlen[0m[2m=[0m14 [3mpreview[0m[2m=[0m{"op":1,"d":1}
[2m2026-09-24T08:40:07.378919Z[0m [32m INFO[0m [2mhost_caps::ws[0m[2m:[0m <<< text frame [3murl[0m[2m=[0mwss://gateway.discord.gg/?v=10&encoding=json [3mlen[0m[2m=[0m36 [3mpreview[0m[2m=[0m{"t":null,"s":null,"op":11,"d":null}
[2m2026-09-24T08:40:48.532236Z[0m [32m INFO[0m [2mhost_caps::ws[0m[2m:[0m >>> text frame [3murl[0m[2m=[0mwss://gateway.discord.gg/?v=10&encoding=json [3mlen[0m[2m=[0m14 [3mpreview[0m[2m=[0m{"op":1,"d":1}
[2m2026-09-24T08:40:48.642227Z[0m [32m INFO[0m [2mhost_caps::ws[0m[2m:[0m <<< text frame [3murl[0m[2m=[0mwss://gateway.discord.gg/?v=10&encoding=json [3mlen[0m[2m=[0m36 [3mpreview[0m[2m=[0m{"t":null,"s":null,"op":11,"d":null}
[2m2026-09-24T08:41:29.798375Z[0m [32m INFO[0m [2mhost_caps::ws[0m[2m:[0m >>> text frame [3murl[0m[2m=[0mwss://gateway.discord.gg/?v=10&encoding=json [3mlen[0m[2m=[0m14 [3mpreview[0m[2m=[0m{"op":1,"d":1}
[2m2026-09-24T08:41:29.906747Z[0m [32m INFO[0m [2mhost_caps::ws[0m[2m:[0m <<< text frame [3murl[0m[2m=[0mwss://gateway.discord.gg/?v=10&encoding=json [3mlen[0m[2m=[0m36 [3mpreview[0m[2m=[0m{"t":null,"s":null,"op":11,"d":null}
[2m2026-09-24T08:42:11.054482Z[0m [32m INFO[0m [2mhost_caps::ws[0m[2m:[0m >>> text frame [3murl[0m[2m=[0mwss://gateway.discord.gg/?v=10&encoding=json [3mlen[0m[2m=[0m14 [3mpreview[0m[2m=[0m{"op":1,"d":1}
[2m2026-09-24T08:42:11.164536Z[0m [32m INFO[0m [2mhost_caps::ws[0m[2m:[0m <<< text frame [3murl[0m[2m=[0mwss://gateway.discord.gg/?v=10&encoding=json [3mlen[0m[2m=[0m36 [3mpreview[0m[2m=[0m{"t":null,"s":null,"op":11,"d":null}
[2m2026-09-24T08:42:51.822908Z[0m [33m WARN[0m [2mexeclaw_server::events[0m[2m:[0m ws recv error: WebSocket protocol error: Connection reset without closing handshake
[2m2026-09-24T08:42:51.825306Z[0m [33m WARN[0m [2mexeclaw_server::events[0m[2m:[0m ws recv error: WebSocket protocol error: Connection reset without closing handshake
[2m2026-09-24T08:42:51.826167Z[0m [33m WARN[0m [2mexeclaw_server::events[0m[2m:[0m ws recv error: WebSocket protocol error: Connection reset without closing handshake
[2m2026-09-24T08:42:52.305392Z[0m [32m INFO[0m [2mhost_caps::ws[0m[2m:[0m >>> text frame [3murl[0m[2m=[0mwss://gateway.discord.gg/?v=10&encoding=json [3mlen[0m[2m=[0m14 [3mpreview[0m[2m=[0m{"op":1,"d":1}
[2m2026-09-24T08:42:52.414488Z[0m [32m INFO[0m [2mhost_caps::ws[0m[2m:[0m <<< text frame [3murl[0m[2m=[0mwss://gateway.discord.gg/?v=10&encoding=json [3mlen[0m[2m=[0m36 [3mpreview[0m[2m=[0m{"t":null,"s":null,"op":11,"d":null}
[2m2026-09-24T08:43:33.570609Z[0m [32m INFO[0m [2mhost_caps::ws[0m[2m:[0m >>> text frame [3murl[0m[2m=[0mwss://gateway.discord.gg/?v=10&encoding=json [3mlen[0m[2m=[0m14 [3mpreview[0m[2m=[0m{"op":1,"d":1}
[2m2026-09-24T08:43:33.680316Z[0m [32m INFO[0m [2mhost_caps::ws[0m[2m:[0m <<< text frame [3murl[0m[2m=[0mwss://gateway.discord.gg/?v=10&encoding=json [3mlen[0m[2m=[0m36 [3mpreview[0m[2m=[0m{"t":null,"s":null,"op":11,"d":null}
[2m2026-09-24T08:44:14.822013Z[0m [32m INFO[0m [2mhost_caps::ws[0m[2m:[0m >>> text frame [3murl[0m[2m=[0mwss://gateway.discord.gg/?v=10&encoding=json [3mlen[0m[2m=[0m14 [3mpreview[0m[2m=[0m{"op":1,"d":1}
[2m2026-09-24T08:44:14.931733Z[0m [32m INFO[0m [2mhost_caps::ws[0m[2m:[0m <<< text frame [3murl[0m[2m=[0mwss://gateway.discord.gg/?v=10&encoding=json [3mlen[0m[2m=[0m36 [3mpreview[0m[2m=[0m{"t":null,"s":null,"op":11,"d":null}
[2m2026-09-24T08:44:56.071038Z[0m [32m INFO[0m [2mhost_caps::ws[0m[2m:[0m >>> text frame [3murl[0m[2m=[0mwss://gateway.discord.gg/?v=10&encoding=json [3mlen[0m[2m=[0m14 [3mpreview[0m[2m=[0m{"op":1,"d":1}
[2m2026-09-24T08:44:56.179813Z[0m [32m INFO[0m [2mhost_caps::ws[0m[2m:[0m <<< text frame [3murl[0m[2m=[0mwss://gateway.discord.gg/?v=10&encoding=json [3mlen[0m[2m=[0m36 [3mpreview[0m[2m=[0m{"t":null,"s":null,"op":11,"d":null}
[2m2026-09-24T08:45:37.322562Z[0m [32m INFO[0m [2mhost_caps::ws[0m[2m:[0m >>> text frame [3murl[0m[2m=[0mwss://gateway.discord.gg/?v=10&encoding=json [3mlen[0m[2m=[0m14 [3mpreview[0m[2m=[0m{"op":1,"d":1}
[2m2026-09-24T08:45:37.431727Z[0m [32m INFO[0m [2mhost_caps::ws[0m[2m:[0m <<< text frame [3murl[0m[2m=[0mwss://gateway.discord.gg/?v=10&encoding=json [3mlen[0m[2m=[0m36 [3mpreview[0m[2m=[0m{"t":null,"s":null,"op":11,"d":null}
[2m2026-09-24T08:46:18.575112Z[0m [32m INFO[0m [2mhost_caps::ws[0m[2m:[0m >>> text frame [3murl[0m[2m=[0mwss://gateway.discord.gg/?v=10&encoding=json [3mlen[0m[2m=[0m14 [3mpreview[0m[2m=[0m{"op":1,"d":1}
[2m2026-09-24T08:46:18.688567Z[0m [32m INFO[0m [2mhost_caps::ws[0m[2m:[0m <<< text frame [3murl[0m[2m=[0mwss://gateway.discord.gg/?v=10&encoding=json [3mlen[0m[2m=[0m36 [3mpreview[0m[2m=[0m{"t":null,"s":null,"op":11,"d":null}
[2m2026-09-24T08:46:59.833167Z[0m [32m INFO[0m [2mhost_caps::ws[0m[2m:[0m >>> text frame [3murl[0m[2m=[0mwss://gateway.discord.gg/?v=10&encoding=json [3mlen[0m[2m=[0m14 [3mpreview[0m[2m=[0m{"op":1,"d":1}
[2m2026-09-24T08:46:59.941503Z[0m [32m INFO[0m [2mhost_caps::ws[0m[2m:[0m <<< text frame [3murl[0m[2m=[0mwss://gateway.discord.gg/?v=10&encoding=json [3mlen[0m[2m=[0m36 [3mpreview[0m[2m=[0m{"t":null,"s":null,"op":11,"d":null}
[2m2026-09-24T08:47:41.088822Z[0m [32m INFO[0m [2mhost_caps::ws[0m[2m:[0m >>> text frame [3murl[0m[2m=[0mwss://gateway.discord.gg/?v=10&encoding=json [3mlen[0m[2m=[0m14 [3mpreview[0m[2m=[0m{"op":1,"d":1}
[2m2026-09-24T08:47:41.197184Z[0m [32m INFO[0m [2mhost_caps::ws[0m[2m:[0m <<< text frame [3murl[0m[2m=[0mwss://gateway.discord.gg/?v=10&encoding=json [3mlen[0m[2m=[0m36 [3mpreview[0m[2m=[0m{"t":null,"s":null,"op":11,"d":null}
[2m2026-09-24T08:48:22.340656Z[0m [32m INFO[0m [2mhost_caps::ws[0m[2m:[0m >>> text frame [3murl[0m[2m=[0mwss://gateway.discord.gg/?v=10&encoding=json [3mlen[0m[2m=[0m14 [3mpreview[0m[2m=[0m{"op":1,"d":1}
[2m2026-09-24T08:48:22.447848Z[0m [32m INFO[0m [2mhost_caps::ws[0m[2m:[0m <<< text frame [3murl[0m[2m=[0mwss://gateway.discord.gg/?v=10&encoding=json [3mlen[0m[2m=[0m36 [3mpreview[0m[2m=[0m{"t":null,"s":null,"op":11,"d":null}
[2m2026-09-24T08:49:03.603160Z[0m [32m INFO[0m [2mhost_caps::ws[0m[2m:[0m >>> text frame [3murl[0m[2m=[0mwss://gateway.discord.gg/?v=10&encoding=json [3mlen[0m[2m=[0m14 [3mpreview[0m[2m=[0m{"op":1,"d":1}
[2m2026-09-24T08:49:03.711379Z[0m [32m INFO[0m [2mhost_caps::ws[0m[2m:[0m <<< text frame [3murl[0m[2m=[0mwss://gateway.discord.gg/?v=10&encoding=json [3mlen[0m[2m=[0m36 [3mpreview[0m[2m=[0m{"t":null,"s":null,"op":11,"d":null}
[2m2026-09-24T08:49:44.856296Z[0m [32m INFO[0m [2mhost_caps::ws[0m[2m:[0m >>> text frame [3murl[0m[2m=[0mwss://gateway.discord.gg/?v=10&encoding=json [3mlen[0m[2m=[0m14 [3mpreview[0m[2m=[0m{"op":1,"d":1}
[2m2026-09-24T08:49:44.964930Z[0m [32m INFO[0m [2mhost_caps::ws[0m[2m:[0m <<< text frame [3murl[0m[2m=[0mwss://gateway.discord.gg/?v=10&encoding=json [3mlen[0m[2m=[0m36 [3mpreview[0m[2m=[0m{"t":null,"s":null,"op":11,"d":null}
[2m2026-09-24T08:50:26.114248Z[0m [32m INFO[0m [2mhost_caps::ws[0m[2m:[0m >>> text frame [3murl[0m[2m=[0mwss://gateway.discord.gg/?v=10&encoding=json [3mlen[0m[2m=[0m14 [3mpreview[0m[2m=[0m{"op":1,"d":1}
[2m2026-09-24T08:50:26.222484Z[0m [32m INFO[0m [2mhost_caps::ws[0m[2m:[0m <<< text frame [3murl[0m[2m=[0mwss://gateway.discord.gg/?v=10&encoding=json [3mlen[0m[2m=[0m36 [3mpreview[0m[2m=[0m{"t":null,"s":null,"op":11,"d":null}
[2m2026-09-24T08:51:07.370470Z[0m [32m INFO[0m [2mhost_caps::ws[0m[2m:[0m >>> text frame [3murl[0m[2m=[0mwss://gateway.discord.gg/?v=10&encoding=json [3mlen[0m[2m=[0m14 [3mpreview[0m[2m=[0m{"op":1,"d":1}
[2m2026-09-24T08:51:07.490458Z[0m [32m INFO[0m [2mhost_caps::ws[0m[2m:[0m <<< text frame [3murl[0m[2m=[0mwss://gateway.discord.gg/?v=10&encoding=json [3mlen[0m[2m=[0m36 [3mpreview[0m[2m=[0m{"t":null,"s":null,"op":11,"d":null}
[2m2026-09-24T08:51:48.624203Z[0m [32m INFO[0m [2mhost_caps::ws[0m[2m:[0m >>> text frame [3murl[0m[2m=[0mwss://gateway.discord.gg/?v=10&encoding=json [3mlen[0m[2m=[0m14 [3mpreview[0m[2m=[0m{"op":1,"d":1}
[2m2026-09-24T08:51:48.737652Z[0m [32m INFO[0m [2mhost_caps::ws[0m[2m:[0m <<< text frame [3murl[0m[2m=[0mwss://gateway.discord.gg/?v=10&encoding=json [3mlen[0m[2m=[0m36 [3mpreview[0m[2m=[0m{"t":null,"s":null,"op":11,"d":null}
[2m2026-09-24T08:52:29.906242Z[0m [32m INFO[0m [2mhost_caps::ws[0m[2m:[0m >>> text frame [3murl[0m[2m=[0mwss://gateway.discord.gg/?v=10&encoding=json [3mlen[0m[2m=[0m14 [3mpreview[0m[2m=[0m{"op":1,"d":1}
[2m2026-09-24T08:52:30.018275Z[0m [32m INFO[0m [2mhost_caps::ws[0m[2m:[0m <<< text frame [3murl[0m[2m=[0mwss://gateway.discord.gg/?v=10&encoding=json [3mlen[0m[2m=[0m36 [3mpreview[0m[2m=[0m{"t":null,"s":null,"op":11,"d":null}
[2m2026-09-24T08:53:11.171579Z[0m [32m INFO[0m [2mhost_caps::ws[0m[2m:[0m >>> text frame [3murl[0m[2m=[0mwss://gateway.discord.gg/?v=10&encoding=json [3mlen[0m[2m=[0m14 [3mpreview[0m[2m=[0m{"op":1,"d":1}
[2m2026-09-24T08:53:11.282080Z[0m [32m INFO[0m [2mhost_caps::ws[0m[2m:[0m <<< text frame [3murl[0m[2m=[0mwss://gateway.discord.gg/?v=10&encoding=json [3mlen[0m[2m=[0m36 [3mpreview[0m[2m=[0m{"t":null,"s":null,"op":11,"d":null}
[2m2026-09-24T08:53:52.421988Z[0m [32m INFO[0m [2mhost_caps::ws[0m[2m:[0m >>> text frame [3murl[0m[2m=[0mwss://gateway.discord.gg/?v=10&encoding=json [3mlen[0m[2m=[0m14 [3mpreview[0m[2m=[0m{"op":1,"d":1}
[2m2026-09-24T08:53:52.534848Z[0m [32m INFO[0m [2mhost_caps::ws[0m[2m:[0m <<< text frame [3murl[0m[2m=[0mwss://gateway.discord.gg/?v=10&encoding=json [3mlen[0m[2m=[0m36 [3mpreview[0m[2m=[0m{"t":null,"s":null,"op":11,"d":null}
[2m2026-09-24T08:54:33.680143Z[0m [32m INFO[0m [2mhost_caps::ws[0m[2m:[0m >>> text frame [3murl[0m[2m=[0mwss://gateway.discord.gg/?v=10&encoding=json [3mlen[0m[2m=[0m14 [3mpreview[0m[2m=[0m{"op":1,"d":1}
[2m2026-09-24T08:54:33.803085Z[0m [32m INFO[0m [2mhost_caps::ws[0m[2m:[0m <<< text frame [3murl[0m[2m=[0mwss://gateway.discord.gg/?v=10&encoding=json [3mlen[0m[2m=[0m36 [3mpreview[0m[2m=[0m{"t":null,"s":null,"op":11,"d":null}
[2m2026-09-24T08:55:14.936577Z[0m [32m INFO[0m [2mhost_caps::ws[0m[2m:[0m >>> text frame [3murl[0m[2m=[0mwss://gateway.discord.gg/?v=10&encoding=json [3mlen[0m[2m=[0m14 [3mpreview[0m[2m=[0m{"op":1,"d":1}
[2m2026-09-24T08:55:15.045499Z[0m [32m INFO[0m [2mhost_caps::ws[0m[2m:[0m <<< text frame [3murl[0m[2m=[0mwss://gateway.discord.gg/?v=10&encoding=json [3mlen[0m[2m=[0m36 [3mpreview[0m[2m=[0m{"t":null,"s":null,"op":11,"d":null}
[2m2026-09-24T08:55:56.192724Z[0m [32m INFO[0m [2mhost_caps::ws[0m[2m:[0m >>> text frame [3murl[0m[2m=[0mwss://gateway.discord.gg/?v=10&encoding=json [3mlen[0m[2m=[0m14 [3mpreview[0m[2m=[0m{"op":1,"d":1}
[2m2026-09-24T08:55:56.306990Z[0m [32m INFO[0m [2mhost_caps::ws[0m[2m:[0m <<< text frame [3murl[0m[2m=[0mwss://gateway.discord.gg/?v=10&encoding=json [3mlen[0m[2m=[0m36 [3mpreview[0m[2m=[0m{"t":null,"s":null,"op":11,"d":null}
[2m2026-09-24T08:56:37.451069Z[0m [32m INFO[0m [2mhost_caps::ws[0m[2m:[0m >>> text frame [3murl[0m[2m=[0mwss://gateway.discord.gg/?v=10&encoding=json [3mlen[0m[2m=[0m14 [3mpreview[0m[2m=[0m{"op":1,"d":1}
[2m2026-09-24T08:56:37.563457Z[0m [32m INFO[0m [2mhost_caps::ws[0m[2m:[0m <<< text frame [3murl[0m[2m=[0mwss://gateway.discord.gg/?v=10&encoding=json [3mlen[0m[2m=[0m36 [3mpreview[0m[2m=[0m{"t":null,"s":null,"op":11,"d":null}
[2m2026-09-24T08:57:18.719245Z[0m [32m INFO[0m [2mhost_caps::ws[0m[2m:[0m >>> text frame [3murl[0m[2m=[0mwss://gateway.discord.gg/?v=10&encoding=json [3mlen[0m[2m=[0m14 [3mpreview[0m[2m=[0m{"op":1,"d":1}
[2m2026-09-24T08:57:18.828445Z[0m [32m INFO[0m [2mhost_caps::ws[0m[2m:[0m <<< text frame [3murl[0m[2m=[0mwss://gateway.discord.gg/?v=10&encoding=json [3mlen[0m[2m=[0m36 [3mpreview[0m[2m=[0m{"t":null,"s":null,"op":11,"d":null}
[2m2026-09-24T08:57:59.973640Z[0m [32m INFO[0m [2mhost_caps::ws[0m[2m:[0m >>> text frame [3murl[0m[2m=[0mwss://gateway.discord.gg/?v=10&encoding=json [3mlen[0m[2m=[0m14 [3mpreview[0m[2m=[0m{"op":1,"d":1}
[2m2026-09-24T08:58:00.082161Z[0m [32m INFO[0m [2mhost_caps::ws[0m[2m:[0m <<< text frame [3murl[0m[2m=[0mwss://gateway.discord.gg/?v=10&encoding=json [3mlen[0m[2m=[0m36 [3mpreview[0m[2m=[0m{"t":null,"s":null,"op":11,"d":null}
[2m2026-09-24T08:58:41.230505Z[0m [32m INFO[0m [2mhost_caps::ws[0m[2m:[0m >>> text frame [3murl[0m[2m=[0mwss://gateway.discord.gg/?v=10&encoding=json [3mlen[0m[2m=[0m14 [3mpreview[0m[2m=[0m{"op":1,"d":1}
[2m2026-09-24T08:58:41.337922Z[0m [32m INFO[0m [2mhost_caps::ws[0m[2m:[0m <<< text frame [3murl[0m[2m=[0mwss://gateway.discord.gg/?v=10&encoding=json [3mlen[0m[2m=[0m36 [3mpreview[0m[2m=[0m{"t":null,"s":null,"op":11,"d":null}
[2m2026-09-24T08:59:22.489935Z[0m [32m INFO[0m [2mhost_caps::ws[0m[2m:[0m >>> text frame [3murl[0m[2m=[0mwss://gateway.discord.gg/?v=10&encoding=json [3mlen[0m[2m=[0m14 [3mpreview[0m[2m=[0m{"op":1,"d":1}
[2m2026-09-24T08:59:22.600314Z[0m [32m INFO[0m [2mhost_caps::ws[0m[2m:[0m <<< text frame [3murl[0m[2m=[0mwss://gateway.discord.gg/?v=10&encoding=json [3mlen[0m[2m=[0m36 [3mpreview[0m[2m=[0m{"t":null,"s":null,"op":11,"d":null}
[2m2026-09-24T09:00:03.753000Z[0m [32m INFO[0m [2mhost_caps::ws[0m[2m:[0m >>> text frame [3murl[0m[2m=[0mwss://gateway.discord.gg/?v=10&encoding=json [3mlen[0m[2m=[0m14 [3mpreview[0m[2m=[0m{"op":1,"d":1}
[2m2026-09-24T09:00:03.861380Z[0m [32m INFO[0m [2mhost_caps::ws[0m[2m:[0m <<< text frame [3murl[0m[2m=[0mwss://gateway.discord.gg/?v=10&encoding=json [3mlen[0m[2m=[0m36 [3mpreview[0m[2m=[0m{"t":null,"s":null,"op":11,"d":null}
[2m2026-09-24T09:00:45.015650Z[0m [32m INFO[0m [2mhost_caps::ws[0m[2m:[0m >>> text frame [3murl[0m[2m=[0mwss://gateway.discord.gg/?v=10&encoding=json [3mlen[0m[2m=[0m14 [3mpreview[0m[2m=[0m{"op":1,"d":1}
[2m2026-09-24T09:00:45.125463Z[0m [32m INFO[0m [2mhost_caps::ws[0m[2m:[0m <<< text frame [3murl[0m[2m=[0mwss://gateway.discord.gg/?v=10&encoding=json [3mlen[0m[2m=[0m36 [3mpreview[0m[2m=[0m{"t":null,"s":null,"op":11,"d":null}
[2m2026-09-24T09:01:26.266470Z[0m [32m INFO[0m [2mhost_caps::ws[0m[2m:[0m >>> text frame [3murl[0m[2m=[0mwss://gateway.discord.gg/?v=10&encoding=json [3mlen[0m[2m=[0m14 [3mpreview[0m[2m=[0m{"op":1,"d":1}
[2m2026-09-24T09:01:26.375057Z[0m [32m INFO[0m [2mhost_caps::ws[0m[2m:[0m <<< text frame [3murl[0m[2m=[0mwss://gateway.discord.gg/?v=10&encoding=json [3mlen[0m[2m=[0m36 [3mpreview[0m[2m=[0m{"t":null,"s":null,"op":11,"d":null}
[2m2026-09-24T09:02:07.524679Z[0m [32m INFO[0m [2mhost_caps::ws[0m[2m:[0m >>> text frame [3murl[0m[2m=[0mwss://gateway.discord.gg/?v=10&encoding=json [3mlen[0m[2m=[0m14 [3mpreview[0m[2m=[0m{"op":1,"d":1}
[2m2026-09-24T09:02:07.635313Z[0m [32m INFO[0m [2mhost_caps::ws[0m[2m:[0m <<< text frame [3murl[0m[2m=[0mwss://gateway.discord.gg/?v=10&encoding=json [3mlen[0m[2m=[0m36 [3mpreview[0m[2m=[0m{"t":null,"s":null,"op":11,"d":null}
[2m2026-09-24T09:02:48.789661Z[0m [32m INFO[0m [2mhost_caps::ws[0m[2m:[0m >>> text frame [3murl[0m[2m=[0mwss://gateway.discord.gg/?v=10&encoding=json [3mlen[0m[2m=[0m14 [3mpreview[0m[2m=[0m{"op":1,"d":1}
[2m2026-09-24T09:02:48.899303Z[0m [32m INFO[0m [2mhost_caps::ws[0m[2m:[0m <<< text frame [3murl[0m[2m=[0mwss://gateway.discord.gg/?v=10&encoding=json [3mlen[0m[2m=[0m36 [3mpreview[0m[2m=[0m{"t":null,"s":null,"op":11,"d":null}
[2m2026-09-24T09:03:30.053807Z[0m [32m INFO[0m [2mhost_caps::ws[0m[2m:[0m >>> text frame [3murl[0m[2m=[0mwss://gateway.discord.gg/?v=10&encoding=json [3mlen[0m[2m=[0m14 [3mpreview[0m[2m=[0m{"op":1,"d":1}
[2m2026-09-24T09:03:30.165861Z[0m [32m INFO[0m [2mhost_caps::ws[0m[2m:[0m <<< text frame [3murl[0m[2m=[0mwss://gateway.discord.gg/?v=10&encoding=json [3mlen[0m[2m=[0m36 [3mpreview[0m[2m=[0m{"t":null,"s":null,"op":11,"d":null}
[2m2026-09-24T09:04:11.319818Z[0m [32m INFO[0m [2mhost_caps::ws[0m[2m:[0m >>> text frame [3murl[0m[2m=[0mwss://gateway.discord.gg/?v=10&encoding=json [3mlen[0m[2m=[0m14 [3mpreview[0m[2m=[0m{"op":1,"d":1}
[2m2026-09-24T09:04:11.431404Z[0m [32m INFO[0m [2mhost_caps::ws[0m[2m:[0m <<< text frame [3murl[0m[2m=[0mwss://gateway.discord.gg/?v=10&encoding=json [3mlen[0m[2m=[0m36 [3mpreview[0m[2m=[0m{"t":null,"s":null,"op":11,"d":null}
[2m2026-09-24T09:04:52.575379Z[0m [32m INFO[0m [2mhost_caps::ws[0m[2m:[0m >>> text frame [3murl[0m[2m=[0mwss://gateway.discord.gg/?v=10&encoding=json [3mlen[0m[2m=[0m14 [3mpreview[0m[2m=[0m{"op":1,"d":1}
[2m2026-09-24T09:04:52.675498Z[0m [32m INFO[0m [2mhost_caps::ws[0m[2m:[0m <<< text frame [3murl[0m[2m=[0mwss://gateway.discord.gg/?v=10&encoding=json [3mlen[0m[2m=[0m36 [3mpreview[0m[2m=[0m{"t":null,"s":null,"op":11,"d":null}
[2m2026-09-24T09:05:33.834526Z[0m [32m INFO[0m [2mhost_caps::ws[0m[2m:[0m >>> text frame [3murl[0m[2m=[0mwss://gateway.discord.gg/?v=10&encoding=json [3mlen[0m[2m=[0m14 [3mpreview[0m[2m=[0m{"op":1,"d":1}
[2m2026-09-24T09:05:33.945415Z[0m [32m INFO[0m [2mhost_caps::ws[0m[2m:[0m <<< text frame [3murl[0m[2m=[0mwss://gateway.discord.gg/?v=10&encoding=json [3mlen[0m[2m=[0m36 [3mpreview[0m[2m=[0m{"t":null,"s":null,"op":11,"d":null}
[2m2026-09-24T09:06:15.091425Z[0m [32m INFO[0m [2mhost_caps::ws[0m[2m:[0m >>> text frame [3murl[0m[2m=[0mwss://gateway.discord.gg/?v=10&encoding=json [3mlen[0m[2m=[0m14 [3mpreview[0m[2m=[0m{"op":1,"d":1}
[2m2026-09-24T09:06:15.199020Z[0m [32m INFO[0m [2mhost_caps::ws[0m[2m:[0m <<< text frame [3murl[0m[2m=[0mwss://gateway.discord.gg/?v=10&encoding=json [3mlen[0m[2m=[0m36 [3mpreview[0m[2m=[0m{"t":null,"s":null,"op":11,"d":null}
[2m2026-09-24T09:06:56.348732Z[0m [32m INFO[0m [2mhost_caps::ws[0m[2m:[0m >>> text frame [3murl[0m[2m=[0mwss://gateway.discord.gg/?v=10&encoding=json [3mlen[0m[2m=[0m14 [3mpreview[0m[2m=[0m{"op":1,"d":1}
[2m2026-09-24T09:06:56.461879Z[0m [32m INFO[0m [2mhost_caps::ws[0m[2m:[0m <<< text frame [3murl[0m[2m=[0mwss://gateway.discord.gg/?v=10&encoding=json [3mlen[0m[2m=[0m36 [3mpreview[0m[2m=[0m{"t":null,"s":null,"op":11,"d":null}
[2m2026-09-24T09:07:37.599741Z[0m [32m INFO[0m [2mhost_caps::ws[0m[2m:[0m >>> text frame [3murl[0m[2m=[0mwss://gateway.discord.gg/?v=10&encoding=json [3mlen[0m[2m=[0m14 [3mpreview[0m[2m=[0m{"op":1,"d":1}
[2m2026-09-24T09:07:37.708450Z[0m [32m INFO[0m [2mhost_caps::ws[0m[2m:[0m <<< text frame [3murl[0m[2m=[0mwss://gateway.discord.gg/?v=10&encoding=json [3mlen[0m[2m=[0m36 [3mpreview[0m[2m=[0m{"t":null,"s":null,"op":11,"d":null}
[2m2026-09-24T09:08:18.861051Z[0m [32m INFO[0m [2mhost_caps::ws[0m[2m:[0m >>> text frame [3murl[0m[2m=[0mwss://gateway.discord.gg/?v=10&encoding=json [3mlen[0m[2m=[0m14 [3mpreview[0m[2m=[0m{"op":1,"d":1}
[2m2026-09-24T09:08:18.974724Z[0m [32m INFO[0m [2mhost_caps::ws[0m[2m:[0m <<< text frame [3murl[0m[2m=[0mwss://gateway.discord.gg/?v=10&encoding=json [3mlen[0m[2m=[0m36 [3mpreview[0m[2m=[0m{"t":null,"s":null,"op":11,"d":null}
[2m2026-09-24T09:09:00.113354Z[0m [32m INFO[0m [2mhost_caps::ws[0m[2m:[0m <<< text frame [3murl[0m[2m=[0mwss://gateway.discord.gg/?v=10&encoding=json [3mlen[0m[2m=[0m35 [3mpreview[0m[2m=[0m{"t":null,"s":null,"op":7,"d":null}
[2m2026-09-24T09:09:00.114212Z[0m [32m INFO[0m [2mhost_caps::ws[0m[2m:[0m >>> text frame [3murl[0m[2m=[0mwss://gateway.discord.gg/?v=10&encoding=json [3mlen[0m[2m=[0m14 [3mpreview[0m[2m=[0m{"op":1,"d":1}
[2m2026-09-24T09:09:00.116054Z[0m [32m INFO[0m [2mexeclaw_script::primitives[0m[2m:[0m discord: server-requested Reconnect (op 7); awaiting socket close [3mplugin_id[0m[2m=[0mdiscord
[2m2026-09-24T09:09:00.221882Z[0m [32m INFO[0m [2mhost_caps::ws[0m[2m:[0m <<< text frame [3murl[0m[2m=[0mwss://gateway.discord.gg/?v=10&encoding=json [3mlen[0m[2m=[0m36 [3mpreview[0m[2m=[0m{"t":null,"s":null,"op":11,"d":null}
[2m2026-09-24T09:09:10.115696Z[0m [33m WARN[0m [2mhost_caps::ws[0m[2m:[0m <<< close frame; reconnecting [3murl[0m[2m=[0mwss://gateway.discord.gg/?v=10&encoding=json [3mclose_code[0m[2m=[0m1001 [3mclose_reason[0m[2m=[0mDiscord WebSocket requesting client reconnect.
[2m2026-09-24T09:09:12.426639Z[0m [32m INFO[0m [2mhost_caps::ws[0m[2m:[0m connected [3murl[0m[2m=[0mwss://gateway.discord.gg/?v=10&encoding=json
[2m2026-09-24T09:09:12.428307Z[0m [32m INFO[0m [2mhost_caps::ws[0m[2m:[0m <<< text frame [3murl[0m[2m=[0mwss://gateway.discord.gg/?v=10&encoding=json [3mlen[0m[2m=[0m128 [3mpreview[0m[2m=[0m{"t":null,"s":null,"op":10,"d":{"heartbeat_interval":41250,"_trace":["[\"gateway-prd-arm-us-east1-d-07mw\",{\"micros\":0.0}]"]}}
[2m2026-09-24T09:09:12.430957Z[0m [32m INFO[0m [2mexeclaw_script::primitives[0m[2m:[0m discord: Hello received; heartbeat_interval=41250ms [3mplugin_id[0m[2m=[0mdiscord
[2m2026-09-24T09:09:12.437314Z[0m [32m INFO[0m [2mexeclaw_script::primitives[0m[2m:[0m discord: Identify sent [3mplugin_id[0m[2m=[0mdiscord
[2m2026-09-24T09:09:12.437342Z[0m [32m INFO[0m [2mhost_caps::ws[0m[2m:[0m >>> text frame [3murl[0m[2m=[0mwss://gateway.discord.gg/?v=10&encoding=json [3mlen[0m[2m=[0m252 [3mpreview[0m[2m=[0m{"d":{"intents":37377,"presence":{"activities":[],"afk":false,"since":null,"status":"online"},"properties":{"browser":"execlaw","device":"execlaw","os":"linux"},"token":"MTU1MTczNzMxMDA1ODY1MTczOQ.GYkJo3.5cUvZUBm5e1rFhG0XTWlsvpk3r6j7-o0ecaRhU"},"op":2}
[2m2026-09-24T09:09:12.785207Z[0m [32m INFO[0m [2mhost_caps::ws[0m[2m:[0m <<< text frame [3murl[0m[2m=[0mwss://gateway.discord.gg/?v=10&encoding=json [3mlen[0m[2m=[0m2134 [3mpreview[0m[2m=[0m{"t":"READY","s":1,"op":0,"d":{"v":10,"user_settings":{},"user":{"verified":true,"username":"Polypus","primary_guild":null,"mfa_enabled":false,"id":"1551737310058651739","global_name":null,"flags":0,"email":null,"discriminator":"4335","clan":null,"bot":true,"avatar":null},"session_type":"normal","session_id":"841a57455233f6376059323908928b54","resume_gateway_url":"wss://gateway-us-east1-d.discord.…[+1734 bytes]
[2m2026-09-24T09:09:12.793035Z[0m [32m INFO[0m [2mexeclaw_script::primitives[0m[2m:[0m discord: Ready — bot=Polypus session=841a57455233f6376059323908928b54 [3mplugin_id[0m[2m=[0mdiscord
[2m2026-09-24T09:09:35.995661Z[0m [32m INFO[0m [2mhost_caps::ws[0m[2m:[0m >>> text frame [3murl[0m[2m=[0mwss://gateway.discord.gg/?v=10&encoding=json [3mlen[0m[2m=[0m14 [3mpreview[0m[2m=[0m{"op":1,"d":1}
[2m2026-09-24T09:09:36.111052Z[0m [32m INFO[0m [2mhost_caps::ws[0m[2m:[0m <<< text frame [3murl[0m[2m=[0mwss://gateway.discord.gg/?v=10&encoding=json [3mlen[0m[2m=[0m36 [3mpreview[0m[2m=[0m{"t":null,"s":null,"op":11,"d":null}
[2m2026-09-24T09:10:17.262304Z[0m [32m INFO[0m [2mhost_caps::ws[0m[2m:[0m >>> text frame [3murl[0m[2m=[0mwss://gateway.discord.gg/?v=10&encoding=json [3mlen[0m[2m=[0m14 [3mpreview[0m[2m=[0m{"op":1,"d":1}
[2m2026-09-24T09:10:17.376017Z[0m [32m INFO[0m [2mhost_caps::ws[0m[2m:[0m <<< text frame [3murl[0m[2m=[0mwss://gateway.discord.gg/?v=10&encoding=json [3mlen[0m[2m=[0m36 [3mpreview[0m[2m=[0m{"t":null,"s":null,"op":11,"d":null}
[2m2026-09-24T09:10:58.517996Z[0m [32m INFO[0m [2mhost_caps::ws[0m[2m:[0m >>> text frame [3murl[0m[2m=[0mwss://gateway.discord.gg/?v=10&encoding=json [3mlen[0m[2m=[0m14 [3mpreview[0m[2m=[0m{"op":1,"d":1}
[2m2026-09-24T09:10:58.625630Z[0m [32m INFO[0m [2mhost_caps::ws[0m[2m:[0m <<< text frame [3murl[0m[2m=[0mwss://gateway.discord.gg/?v=10&encoding=json [3mlen[0m[2m=[0m36 [3mpreview[0m[2m=[0m{"t":null,"s":null,"op":11,"d":null}
[2m2026-09-24T09:11:39.772225Z[0m [32m INFO[0m [2mhost_caps::ws[0m[2m:[0m >>> text frame [3murl[0m[2m=[0mwss://gateway.discord.gg/?v=10&encoding=json [3mlen[0m[2m=[0m14 [3mpreview[0m[2m=[0m{"op":1,"d":1}
[2m2026-09-24T09:11:39.881933Z[0m [32m INFO[0m [2mhost_caps::ws[0m[2m:[0m <<< text frame [3murl[0m[2m=[0mwss://gateway.discord.gg/?v=10&encoding=json [3mlen[0m[2m=[0m36 [3mpreview[0m[2m=[0m{"t":null,"s":null,"op":11,"d":null}
[2m2026-09-24T09:12:21.029090Z[0m [32m INFO[0m [2mhost_caps::ws[0m[2m:[0m >>> text frame [3murl[0m[2m=[0mwss://gateway.discord.gg/?v=10&encoding=json [3mlen[0m[2m=[0m14 [3mpreview[0m[2m=[0m{"op":1,"d":1}
[2m2026-09-24T09:12:21.137251Z[0m [32m INFO[0m [2mhost_caps::ws[0m[2m:[0m <<< text frame [3murl[0m[2m=[0mwss://gateway.discord.gg/?v=10&encoding=json [3mlen[0m[2m=[0m36 [3mpreview[0m[2m=[0m{"t":null,"s":null,"op":11,"d":null}
[2m2026-09-24T09:13:02.278005Z[0m [32m INFO[0m [2mhost_caps::ws[0m[2m:[0m >>> text frame [3murl[0m[2m=[0mwss://gateway.discord.gg/?v=10&encoding=json [3mlen[0m[2m=[0m14 [3mpreview[0m[2m=[0m{"op":1,"d":1}
[2m2026-09-24T09:13:02.387733Z[0m [32m INFO[0m [2mhost_caps::ws[0m[2m:[0m <<< text frame [3murl[0m[2m=[0mwss://gateway.discord.gg/?v=10&encoding=json [3mlen[0m[2m=[0m36 [3mpreview[0m[2m=[0m{"t":null,"s":null,"op":11,"d":null}
[2m2026-09-24T09:13:43.540496Z[0m [32m INFO[0m [2mhost_caps::ws[0m[2m:[0m >>> text frame [3murl[0m[2m=[0mwss://gateway.discord.gg/?v=10&encoding=json [3mlen[0m[2m=[0m14 [3mpreview[0m[2m=[0m{"op":1,"d":1}
[2m2026-09-24T09:13:43.648292Z[0m [32m INFO[0m [2mhost_caps::ws[0m[2m:[0m <<< text frame [3murl[0m[2m=[0mwss://gateway.discord.gg/?v=10&encoding=json [3mlen[0m[2m=[0m36 [3mpreview[0m[2m=[0m{"t":null,"s":null,"op":11,"d":null}
[2m2026-09-24T09:14:24.789670Z[0m [32m INFO[0m [2mhost_caps::ws[0m[2m:[0m >>> text frame [3murl[0m[2m=[0mwss://gateway.discord.gg/?v=10&encoding=json [3mlen[0m[2m=[0m14 [3mpreview[0m[2m=[0m{"op":1,"d":1}
[2m2026-09-24T09:14:24.898353Z[0m [32m INFO[0m [2mhost_caps::ws[0m[2m:[0m <<< text frame [3murl[0m[2m=[0mwss://gateway.discord.gg/?v=10&encoding=json [3mlen[0m[2m=[0m36 [3mpreview[0m[2m=[0m{"t":null,"s":null,"op":11,"d":null}
[2m2026-09-24T09:15:06.045700Z[0m [32m INFO[0m [2mhost_caps::ws[0m[2m:[0m >>> text frame [3murl[0m[2m=[0mwss://gateway.discord.gg/?v=10&encoding=json [3mlen[0m[2m=[0m14 [3mpreview[0m[2m=[0m{"op":1,"d":1}
[2m2026-09-24T09:15:06.154202Z[0m [32m INFO[0m [2mhost_caps::ws[0m[2m:[0m <<< text frame [3murl[0m[2m=[0mwss://gateway.discord.gg/?v=10&encoding=json [3mlen[0m[2m=[0m36 [3mpreview[0m[2m=[0m{"t":null,"s":null,"op":11,"d":null}
[2m2026-09-24T09:15:47.303629Z[0m [32m INFO[0m [2mhost_caps::ws[0m[2m:[0m >>> text frame [3murl[0m[2m=[0mwss://gateway.discord.gg/?v=10&encoding=json [3mlen[0m[2m=[0m14 [3mpreview[0m[2m=[0m{"op":1,"d":1}
[2m2026-09-24T09:15:47.413199Z[0m [32m INFO[0m [2mhost_caps::ws[0m[2m:[0m <<< text frame [3murl[0m[2m=[0mwss://gateway.discord.gg/?v=10&encoding=json [3mlen[0m[2m=[0m36 [3mpreview[0m[2m=[0m{"t":null,"s":null,"op":11,"d":null}
[2m2026-09-24T09:16:28.561203Z[0m [32m INFO[0m [2mhost_caps::ws[0m[2m:[0m >>> text frame [3murl[0m[2m=[0mwss://gateway.discord.gg/?v=10&encoding=json [3mlen[0m[2m=[0m14 [3mpreview[0m[2m=[0m{"op":1,"d":1}
[2m2026-09-24T09:16:28.668888Z[0m [32m INFO[0m [2mhost_caps::ws[0m[2m:[0m <<< text frame [3murl[0m[2m=[0mwss://gateway.discord.gg/?v=10&encoding=json [3mlen[0m[2m=[0m36 [3mpreview[0m[2m=[0m{"t":null,"s":null,"op":11,"d":null}
[2m2026-09-24T09:17:09.823798Z[0m [32m INFO[0m [2mhost_caps::ws[0m[2m:[0m >>> text frame [3murl[0m[2m=[0mwss://gateway.discord.gg/?v=10&encoding=json [3mlen[0m[2m=[0m14 [3mpreview[0m[2m=[0m{"op":1,"d":1}
[2m2026-09-24T09:17:09.940430Z[0m [32m INFO[0m [2mhost_caps::ws[0m[2m:[0m <<< text frame [3murl[0m[2m=[0mwss://gateway.discord.gg/?v=10&encoding=json [3mlen[0m[2m=[0m36 [3mpreview[0m[2m=[0m{"t":null,"s":null,"op":11,"d":null}
[2m2026-09-24T09:17:51.104688Z[0m [32m INFO[0m [2mhost_caps::ws[0m[2m:[0m >>> text frame [3murl[0m[2m=[0mwss://gateway.discord.gg/?v=10&encoding=json [3mlen[0m[2m=[0m14 [3mpreview[0m[2m=[0m{"op":1,"d":1}
[2m2026-09-24T09:17:51.216540Z[0m [32m INFO[0m [2mhost_caps::ws[0m[2m:[0m <<< text frame [3murl[0m[2m=[0mwss://gateway.discord.gg/?v=10&encoding=json [3mlen[0m[2m=[0m36 [3mpreview[0m[2m=[0m{"t":null,"s":null,"op":11,"d":null}
[2m2026-09-24T09:18:32.349688Z[0m [32m INFO[0m [2mhost_caps::ws[0m[2m:[0m >>> text frame [3murl[0m[2m=[0mwss://gateway.discord.gg/?v=10&encoding=json [3mlen[0m[2m=[0m14 [3mpreview[0m[2m=[0m{"op":1,"d":1}
[2m2026-09-24T09:18:32.457637Z[0m [32m INFO[0m [2mhost_caps::ws[0m[2m:[0m <<< text frame [3murl[0m[2m=[0mwss://gateway.discord.gg/?v=10&encoding=json [3mlen[0m[2m=[0m36 [3mpreview[0m[2m=[0m{"t":null,"s":null,"op":11,"d":null}
[2m2026-09-24T09:19:13.617199Z[0m [32m INFO[0m [2mhost_caps::ws[0m[2m:[0m >>> text frame [3murl[0m[2m=[0mwss://gateway.discord.gg/?v=10&encoding=json [3mlen[0m[2m=[0m14 [3mpreview[0m[2m=[0m{"op":1,"d":1}
[2m2026-09-24T09:19:13.735204Z[0m [32m INFO[0m [2mhost_caps::ws[0m[2m:[0m <<< text frame [3murl[0m[2m=[0mwss://gateway.discord.gg/?v=10&encoding=json [3mlen[0m[2m=[0m36 [3mpreview[0m[2m=[0m{"t":null,"s":null,"op":11,"d":null}
[2m2026-09-24T09:19:54.881206Z[0m [32m INFO[0m [2mhost_caps::ws[0m[2m:[0m >>> text frame [3murl[0m[2m=[0mwss://gateway.discord.gg/?v=10&encoding=json [3mlen[0m[2m=[0m14 [3mpreview[0m[2m=[0m{"op":1,"d":1}
[2m2026-09-24T09:19:54.989020Z[0m [32m INFO[0m [2mhost_caps::ws[0m[2m:[0m <<< text frame [3murl[0m[2m=[0mwss://gateway.discord.gg/?v=10&encoding=json [3mlen[0m[2m=[0m36 [3mpreview[0m[2m=[0m{"t":null,"s":null,"op":11,"d":null}
[2m2026-09-24T09:20:36.143217Z[0m [32m INFO[0m [2mhost_caps::ws[0m[2m:[0m >>> text frame [3murl[0m[2m=[0mwss://gateway.discord.gg/?v=10&encoding=json [3mlen[0m[2m=[0m14 [3mpreview[0m[2m=[0m{"op":1,"d":1}
[2m2026-09-24T09:20:36.252340Z[0m [32m INFO[0m [2mhost_caps::ws[0m[2m:[0m <<< text frame [3murl[0m[2m=[0mwss://gateway.discord.gg/?v=10&encoding=json [3mlen[0m[2m=[0m36 [3mpreview[0m[2m=[0m{"t":null,"s":null,"op":11,"d":null}
[2m2026-09-24T09:21:17.404011Z[0m [32m INFO[0m [2mhost_caps::ws[0m[2m:[0m >>> text frame [3murl[0m[2m=[0mwss://gateway.discord.gg/?v=10&encoding=json [3mlen[0m[2m=[0m14 [3mpreview[0m[2m=[0m{"op":1,"d":1}
[2m2026-09-24T09:21:17.512110Z[0m [32m INFO[0m [2mhost_caps::ws[0m[2m:[0m <<< text frame [3murl[0m[2m=[0mwss://gateway.discord.gg/?v=10&encoding=json [3mlen[0m[2m=[0m36 [3mpreview[0m[2m=[0m{"t":null,"s":null,"op":11,"d":null}
[2m2026-09-24T09:21:58.665811Z[0m [32m INFO[0m [2mhost_caps::ws[0m[2m:[0m >>> text frame [3murl[0m[2m=[0mwss://gateway.discord.gg/?v=10&encoding=json [3mlen[0m[2m=[0m14 [3mpreview[0m[2m=[0m{"op":1,"d":1}
[2m2026-09-24T09:21:58.773669Z[0m [32m INFO[0m [2mhost_caps::ws[0m[2m:[0m <<< text frame [3murl[0m[2m=[0mwss://gateway.discord.gg/?v=10&encoding=json [3mlen[0m[2m=[0m36 [3mpreview[0m[2m=[0m{"t":null,"s":null,"op":11,"d":null}
[2m2026-09-24T09:22:39.924716Z[0m [32m INFO[0m [2mhost_caps::ws[0m[2m:[0m >>> text frame [3murl[0m[2m=[0mwss://gateway.discord.gg/?v=10&encoding=json [3mlen[0m[2m=[0m14 [3mpreview[0m[2m=[0m{"op":1,"d":1}
[2m2026-09-24T09:22:40.035665Z[0m [32m INFO[0m [2mhost_caps::ws[0m[2m:[0m <<< text frame [3murl[0m[2m=[0mwss://gateway.discord.gg/?v=10&encoding=json [3mlen[0m[2m=[0m36 [3mpreview[0m[2m=[0m{"t":null,"s":null,"op":11,"d":null}
[2m2026-09-24T09:23:21.185267Z[0m [32m INFO[0m [2mhost_caps::ws[0m[2m:[0m >>> text frame [3murl[0m[2m=[0mwss://gateway.discord.gg/?v=10&encoding=json [3mlen[0m[2m=[0m14 [3mpreview[0m[2m=[0m{"op":1,"d":1}
[2m2026-09-24T09:23:21.302827Z[0m [32m INFO[0m [2mhost_caps::ws[0m[2m:[0m <<< text frame [3murl[0m[2m=[0mwss://gateway.discord.gg/?v=10&encoding=json [3mlen[0m[2m=[0m36 [3mpreview[0m[2m=[0m{"t":null,"s":null,"op":11,"d":null}
[2m2026-09-24T09:24:02.450826Z[0m [32m INFO[0m [2mhost_caps::ws[0m[2m:[0m >>> text frame [3murl[0m[2m=[0mwss://gateway.discord.gg/?v=10&encoding=json [3mlen[0m[2m=[0m14 [3mpreview[0m[2m=[0m{"op":1,"d":1}
[2m2026-09-24T09:24:02.568399Z[0m [32m INFO[0m [2mhost_caps::ws[0m[2m:[0m <<< text frame [3murl[0m[2m=[0mwss://gateway.discord.gg/?v=10&encoding=json [3mlen[0m[2m=[0m36 [3mpreview[0m[2m=[0m{"t":null,"s":null,"op":11,"d":null}
[2m2026-09-24T09:24:43.703332Z[0m [32m INFO[0m [2mhost_caps::ws[0m[2m:[0m >>> text frame [3murl[0m[2m=[0mwss://gateway.discord.gg/?v=10&encoding=json [3mlen[0m[2m=[0m14 [3mpreview[0m[2m=[0m{"op":1,"d":1}
[2m2026-09-24T09:24:43.812102Z[0m [32m INFO[0m [2mhost_caps::ws[0m[2m:[0m <<< text frame [3murl[0m[2m=[0mwss://gateway.discord.gg/?v=10&encoding=json [3mlen[0m[2m=[0m36 [3mpreview[0m[2m=[0m{"t":null,"s":null,"op":11,"d":null}
[2m2026-09-24T09:25:24.957576Z[0m [32m INFO[0m [2mhost_caps::ws[0m[2m:[0m >>> text frame [3murl[0m[2m=[0mwss://gateway.discord.gg/?v=10&encoding=json [3mlen[0m[2m=[0m14 [3mpreview[0m[2m=[0m{"op":1,"d":1}
[2m2026-09-24T09:25:25.065717Z[0m [32m INFO[0m [2mhost_caps::ws[0m[2m:[0m <<< text frame [3murl[0m[2m=[0mwss://gateway.discord.gg/?v=10&encoding=json [3mlen[0m[2m=[0m36 [3mpreview[0m[2m=[0m{"t":null,"s":null,"op":11,"d":null}
[2m2026-09-24T09:26:06.224030Z[0m [32m INFO[0m [2mhost_caps::ws[0m[2m:[0m >>> text frame [3murl[0m[2m=[0mwss://gateway.discord.gg/?v=10&encoding=json [3mlen[0m[2m=[0m14 [3mpreview[0m[2m=[0m{"op":1,"d":1}
[2m2026-09-24T09:26:06.333280Z[0m [32m INFO[0m [2mhost_caps::ws[0m[2m:[0m <<< text frame [3murl[0m[2m=[0mwss://gateway.discord.gg/?v=10&encoding=json [3mlen[0m[2m=[0m36 [3mpreview[0m[2m=[0m{"t":null,"s":null,"op":11,"d":null}
[2m2026-09-24T09:26:47.484442Z[0m [32m INFO[0m [2mhost_caps::ws[0m[2m:[0m >>> text frame [3murl[0m[2m=[0mwss://gateway.discord.gg/?v=10&encoding=json [3mlen[0m[2m=[0m14 [3mpreview[0m[2m=[0m{"op":1,"d":1}
[2m2026-09-24T09:26:47.602824Z[0m [32m INFO[0m [2mhost_caps::ws[0m[2m:[0m <<< text frame [3murl[0m[2m=[0mwss://gateway.discord.gg/?v=10&encoding=json [3mlen[0m[2m=[0m36 [3mpreview[0m[2m=[0m{"t":null,"s":null,"op":11,"d":null}
[2m2026-09-24T09:27:28.751419Z[0m [32m INFO[0m [2mhost_caps::ws[0m[2m:[0m >>> text frame [3murl[0m[2m=[0mwss://gateway.discord.gg/?v=10&encoding=json [3mlen[0m[2m=[0m14 [3mpreview[0m[2m=[0m{"op":1,"d":1}
[2m2026-09-24T09:27:28.862922Z[0m [32m INFO[0m [2mhost_caps::ws[0m[2m:[0m <<< text frame [3murl[0m[2m=[0mwss://gateway.discord.gg/?v=10&encoding=json [3mlen[0m[2m=[0m36 [3mpreview[0m[2m=[0m{"t":null,"s":null,"op":11,"d":null}
[2m2026-09-24T09:28:10.014533Z[0m [32m INFO[0m [2mhost_caps::ws[0m[2m:[0m >>> text frame [3murl[0m[2m=[0mwss://gateway.discord.gg/?v=10&encoding=json [3mlen[0m[2m=[0m14 [3mpreview[0m[2m=[0m{"op":1,"d":1}
[2m2026-09-24T09:28:10.123998Z[0m [32m INFO[0m [2mhost_caps::ws[0m[2m:[0m <<< text frame [3murl[0m[2m=[0mwss://gateway.discord.gg/?v=10&encoding=json [3mlen[0m[2m=[0m36 [3mpreview[0m[2m=[0m{"t":null,"s":null,"op":11,"d":null}
[2m2026-09-24T09:28:51.280253Z[0m [32m INFO[0m [2mhost_caps::ws[0m[2m:[0m >>> text frame [3murl[0m[2m=[0mwss://gateway.discord.gg/?v=10&encoding=json [3mlen[0m[2m=[0m14 [3mpreview[0m[2m=[0m{"op":1,"d":1}
[2m2026-09-24T09:28:51.389530Z[0m [32m INFO[0m [2mhost_caps::ws[0m[2m:[0m <<< text frame [3murl[0m[2m=[0mwss://gateway.discord.gg/?v=10&encoding=json [3mlen[0m[2m=[0m36 [3mpreview[0m[2m=[0m{"t":null,"s":null,"op":11,"d":null}
[2m2026-09-24T09:29:32.544662Z[0m [32m INFO[0m [2mhost_caps::ws[0m[2m:[0m >>> text frame [3murl[0m[2m=[0mwss://gateway.discord.gg/?v=10&encoding=json [3mlen[0m[2m=[0m14 [3mpreview[0m[2m=[0m{"op":1,"d":1}
[2m2026-09-24T09:29:32.655098Z[0m [32m INFO[0m [2mhost_caps::ws[0m[2m:[0m <<< text frame [3murl[0m[2m=[0mwss://gateway.discord.gg/?v=10&encoding=json [3mlen[0m[2m=[0m36 [3mpreview[0m[2m=[0m{"t":null,"s":null,"op":11,"d":null}
[2m2026-09-24T09:30:13.800425Z[0m [32m INFO[0m [2mhost_caps::ws[0m[2m:[0m >>> text frame [3murl[0m[2m=[0mwss://gateway.discord.gg/?v=10&encoding=json [3mlen[0m[2m=[0m14 [3mpreview[0m[2m=[0m{"op":1,"d":1}
[2m2026-09-24T09:30:13.908676Z[0m [32m INFO[0m [2mhost_caps::ws[0m[2m:[0m <<< text frame [3murl[0m[2m=[0mwss://gateway.discord.gg/?v=10&encoding=json [3mlen[0m[2m=[0m36 [3mpreview[0m[2m=[0m{"t":null,"s":null,"op":11,"d":null}
[2m2026-09-24T09:30:55.064207Z[0m [32m INFO[0m [2mhost_caps::ws[0m[2m:[0m >>> text frame [3murl[0m[2m=[0mwss://gateway.discord.gg/?v=10&encoding=json [3mlen[0m[2m=[0m14 [3mpreview[0m[2m=[0m{"op":1,"d":1}
[2m2026-09-24T09:30:55.172099Z[0m [32m INFO[0m [2mhost_caps::ws[0m[2m:[0m <<< text frame [3murl[0m[2m=[0mwss://gateway.discord.gg/?v=10&encoding=json [3mlen[0m[2m=[0m36 [3mpreview[0m[2m=[0m{"t":null,"s":null,"op":11,"d":null}
[2m2026-09-24T09:31:36.318102Z[0m [32m INFO[0m [2mhost_caps::ws[0m[2m:[0m >>> text frame [3murl[0m[2m=[0mwss://gateway.discord.gg/?v=10&encoding=json [3mlen[0m[2m=[0m14 [3mpreview[0m[2m=[0m{"op":1,"d":1}
[2m2026-09-24T09:31:36.430884Z[0m [32m INFO[0m [2mhost_caps::ws[0m[2m:[0m <<< text frame [3murl[0m[2m=[0mwss://gateway.discord.gg/?v=10&encoding=json [3mlen[0m[2m=[0m36 [3mpreview[0m[2m=[0m{"t":null,"s":null,"op":11,"d":null}
[2m2026-09-24T09:32:17.567079Z[0m [32m INFO[0m [2mhost_caps::ws[0m[2m:[0m >>> text frame [3murl[0m[2m=[0mwss://gateway.discord.gg/?v=10&encoding=json [3mlen[0m[2m=[0m14 [3mpreview[0m[2m=[0m{"op":1,"d":1}
[2m2026-09-24T09:32:17.679852Z[0m [32m INFO[0m [2mhost_caps::ws[0m[2m:[0m <<< text frame [3murl[0m[2m=[0mwss://gateway.discord.gg/?v=10&encoding=json [3mlen[0m[2m=[0m36 [3mpreview[0m[2m=[0m{"t":null,"s":null,"op":11,"d":null}
[2m2026-09-24T09:32:58.822780Z[0m [32m INFO[0m [2mhost_caps::ws[0m[2m:[0m >>> text frame [3murl[0m[2m=[0mwss://gateway.discord.gg/?v=10&encoding=json [3mlen[0m[2m=[0m14 [3mpreview[0m[2m=[0m{"op":1,"d":1}
[2m2026-09-24T09:32:58.932081Z[0m [32m INFO[0m [2mhost_caps::ws[0m[2m:[0m <<< text frame [3murl[0m[2m=[0mwss://gateway.discord.gg/?v=10&encoding=json [3mlen[0m[2m=[0m36 [3mpreview[0m[2m=[0m{"t":null,"s":null,"op":11,"d":null}
[2m2026-09-24T09:33:40.076819Z[0m [32m INFO[0m [2mhost_caps::ws[0m[2m:[0m >>> text frame [3murl[0m[2m=[0mwss://gateway.discord.gg/?v=10&encoding=json [3mlen[0m[2m=[0m14 [3mpreview[0m[2m=[0m{"op":1,"d":1}
[2m2026-09-24T09:33:40.184738Z[0m [32m INFO[0m [2mhost_caps::ws[0m[2m:[0m <<< text frame [3murl[0m[2m=[0mwss://gateway.discord.gg/?v=10&encoding=json [3mlen[0m[2m=[0m36 [3mpreview[0m[2m=[0m{"t":null,"s":null,"op":11,"d":null}
[2m2026-09-24T09:34:21.327396Z[0m [32m INFO[0m [2mhost_caps::ws[0m[2m:[0m >>> text frame [3murl[0m[2m=[0mwss://gateway.discord.gg/?v=10&encoding=json [3mlen[0m[2m=[0m14 [3mpreview[0m[2m=[0m{"op":1,"d":1}
[2m2026-09-24T09:34:21.436322Z[0m [32m INFO[0m [2mhost_caps::ws[0m[2m:[0m <<< text frame [3murl[0m[2m=[0mwss://gateway.discord.gg/?v=10&encoding=json [3mlen[0m[2m=[0m36 [3mpreview[0m[2m=[0m{"t":null,"s":null,"op":11,"d":null}
[2m2026-09-24T09:35:02.589806Z[0m [32m INFO[0m [2mhost_caps::ws[0m[2m:[0m >>> text frame [3murl[0m[2m=[0mwss://gateway.discord.gg/?v=10&encoding=json [3mlen[0m[2m=[0m14 [3mpreview[0m[2m=[0m{"op":1,"d":1}
[2m2026-09-24T09:35:02.707753Z[0m [32m INFO[0m [2mhost_caps::ws[0m[2m:[0m <<< text frame [3murl[0m[2m=[0mwss://gateway.discord.gg/?v=10&encoding=json [3mlen[0m[2m=[0m36 [3mpreview[0m[2m=[0m{"t":null,"s":null,"op":11,"d":null}
[2m2026-09-24T09:35:43.841875Z[0m [32m INFO[0m [2mhost_caps::ws[0m[2m:[0m >>> text frame [3murl[0m[2m=[0mwss://gateway.discord.gg/?v=10&encoding=json [3mlen[0m[2m=[0m14 [3mpreview[0m[2m=[0m{"op":1,"d":1}
[2m2026-09-24T09:35:43.951140Z[0m [32m INFO[0m [2mhost_caps::ws[0m[2m:[0m <<< text frame [3murl[0m[2m=[0mwss://gateway.discord.gg/?v=10&encoding=json [3mlen[0m[2m=[0m36 [3mpreview[0m[2m=[0m{"t":null,"s":null,"op":11,"d":null}
[2m2026-09-24T09:36:25.103967Z[0m [32m INFO[0m [2mhost_caps::ws[0m[2m:[0m >>> text frame [3murl[0m[2m=[0mwss://gateway.discord.gg/?v=10&encoding=json [3mlen[0m[2m=[0m14 [3mpreview[0m[2m=[0m{"op":1,"d":1}
[2m2026-09-24T09:36:25.212901Z[0m [32m INFO[0m [2mhost_caps::ws[0m[2m:[0m <<< text frame [3murl[0m[2m=[0mwss://gateway.discord.gg/?v=10&encoding=json [3mlen[0m[2m=[0m36 [3mpreview[0m[2m=[0m{"t":null,"s":null,"op":11,"d":null}
[2m2026-09-24T09:37:06.363798Z[0m [32m INFO[0m [2mhost_caps::ws[0m[2m:[0m >>> text frame [3murl[0m[2m=[0mwss://gateway.discord.gg/?v=10&encoding=json [3mlen[0m[2m=[0m14 [3mpreview[0m[2m=[0m{"op":1,"d":1}
[2m2026-09-24T09:37:06.482207Z[0m [32m INFO[0m [2mhost_caps::ws[0m[2m:[0m <<< text frame [3murl[0m[2m=[0mwss://gateway.discord.gg/?v=10&encoding=json [3mlen[0m[2m=[0m36 [3mpreview[0m[2m=[0m{"t":null,"s":null,"op":11,"d":null}
[2m2026-09-24T09:37:47.618427Z[0m [32m INFO[0m [2mhost_caps::ws[0m[2m:[0m >>> text frame [3murl[0m[2m=[0mwss://gateway.discord.gg/?v=10&encoding=json [3mlen[0m[2m=[0m14 [3mpreview[0m[2m=[0m{"op":1,"d":1}
[2m2026-09-24T09:37:47.727917Z[0m [32m INFO[0m [2mhost_caps::ws[0m[2m:[0m <<< text frame [3murl[0m[2m=[0mwss://gateway.discord.gg/?v=10&encoding=json [3mlen[0m[2m=[0m36 [3mpreview[0m[2m=[0m{"t":null,"s":null,"op":11,"d":null}
[2m2026-09-24T09:38:28.867752Z[0m [32m INFO[0m [2mhost_caps::ws[0m[2m:[0m >>> text frame [3murl[0m[2m=[0mwss://gateway.discord.gg/?v=10&encoding=json [3mlen[0m[2m=[0m14 [3mpreview[0m[2m=[0m{"op":1,"d":1}
[2m2026-09-24T09:38:28.975296Z[0m [32m INFO[0m [2mhost_caps::ws[0m[2m:[0m <<< text frame [3murl[0m[2m=[0mwss://gateway.discord.gg/?v=10&encoding=json [3mlen[0m[2m=[0m36 [3mpreview[0m[2m=[0m{"t":null,"s":null,"op":11,"d":null}
[2m2026-09-24T09:39:10.127554Z[0m [32m INFO[0m [2mhost_caps::ws[0m[2m:[0m >>> text frame [3murl[0m[2m=[0mwss://gateway.discord.gg/?v=10&encoding=json [3mlen[0m[2m=[0m14 [3mpreview[0m[2m=[0m{"op":1,"d":1}
[2m2026-09-24T09:39:10.236914Z[0m [32m INFO[0m [2mhost_caps::ws[0m[2m:[0m <<< text frame [3murl[0m[2m=[0mwss://gateway.discord.gg/?v=10&encoding=json [3mlen[0m[2m=[0m36 [3mpreview[0m[2m=[0m{"t":null,"s":null,"op":11,"d":null}
[2m2026-09-24T09:39:51.390690Z[0m [32m INFO[0m [2mhost_caps::ws[0m[2m:[0m >>> text frame [3murl[0m[2m=[0mwss://gateway.discord.gg/?v=10&encoding=json [3mlen[0m[2m=[0m14 [3mpreview[0m[2m=[0m{"op":1,"d":1}
[2m2026-09-24T09:39:51.511986Z[0m [32m INFO[0m [2mhost_caps::ws[0m[2m:[0m <<< text frame [3murl[0m[2m=[0mwss://gateway.discord.gg/?v=10&encoding=json [3mlen[0m[2m=[0m36 [3mpreview[0m[2m=[0m{"t":null,"s":null,"op":11,"d":null}
[2m2026-09-24T09:40:32.652194Z[0m [32m INFO[0m [2mhost_caps::ws[0m[2m:[0m >>> text frame [3murl[0m[2m=[0mwss://gateway.discord.gg/?v=10&encoding=json [3mlen[0m[2m=[0m14 [3mpreview[0m[2m=[0m{"op":1,"d":1}
[2m2026-09-24T09:40:32.769846Z[0m [32m INFO[0m [2mhost_caps::ws[0m[2m:[0m <<< text frame [3murl[0m[2m=[0mwss://gateway.discord.gg/?v=10&encoding=json [3mlen[0m[2m=[0m36 [3mpreview[0m[2m=[0m{"t":null,"s":null,"op":11,"d":null}
[2m2026-09-24T09:41:13.916157Z[0m [32m INFO[0m [2mhost_caps::ws[0m[2m:[0m >>> text frame [3murl[0m[2m=[0mwss://gateway.discord.gg/?v=10&encoding=json [3mlen[0m[2m=[0m14 [3mpreview[0m[2m=[0m{"op":1,"d":1}
[2m2026-09-24T09:41:14.027198Z[0m [32m INFO[0m [2mhost_caps::ws[0m[2m:[0m <<< text frame [3murl[0m[2m=[0mwss://gateway.discord.gg/?v=10&encoding=json [3mlen[0m[2m=[0m36 [3mpreview[0m[2m=[0m{"t":null,"s":null,"op":11,"d":null}
[2m2026-09-24T09:41:55.179454Z[0m [32m INFO[0m [2mhost_caps::ws[0m[2m:[0m >>> text frame [3murl[0m[2m=[0mwss://gateway.discord.gg/?v=10&encoding=json [3mlen[0m[2m=[0m14 [3mpreview[0m[2m=[0m{"op":1,"d":1}
[2m2026-09-24T09:41:55.289628Z[0m [32m INFO[0m [2mhost_caps::ws[0m[2m:[0m <<< text frame [3murl[0m[2m=[0mwss://gateway.discord.gg/?v=10&encoding=json [3mlen[0m[2m=[0m36 [3mpreview[0m[2m=[0m{"t":null,"s":null,"op":11,"d":null}
[2m2026-09-24T09:42:36.439571Z[0m [32m INFO[0m [2mhost_caps::ws[0m[2m:[0m >>> text frame [3murl[0m[2m=[0mwss://gateway.discord.gg/?v=10&encoding=json [3mlen[0m[2m=[0m14 [3mpreview[0m[2m=[0m{"op":1,"d":1}
[2m2026-09-24T09:42:36.548464Z[0m [32m INFO[0m [2mhost_caps::ws[0m[2m:[0m <<< text frame [3murl[0m[2m=[0mwss://gateway.discord.gg/?v=10&encoding=json [3mlen[0m[2m=[0m36 [3mpreview[0m[2m=[0m{"t":null,"s":null,"op":11,"d":null}
[2m2026-09-24T09:43:17.702460Z[0m [32m INFO[0m [2mhost_caps::ws[0m[2m:[0m >>> text frame [3murl[0m[2m=[0mwss://gateway.discord.gg/?v=10&encoding=json [3mlen[0m[2m=[0m14 [3mpreview[0m[2m=[0m{"op":1,"d":1}
[2m2026-09-24T09:43:17.819930Z[0m [32m INFO[0m [2mhost_caps::ws[0m[2m:[0m <<< text frame [3murl[0m[2m=[0mwss://gateway.discord.gg/?v=10&encoding=json [3mlen[0m[2m=[0m36 [3mpreview[0m[2m=[0m{"t":null,"s":null,"op":11,"d":null}
[2m2026-09-24T09:43:58.961003Z[0m [32m INFO[0m [2mhost_caps::ws[0m[2m:[0m >>> text frame [3murl[0m[2m=[0mwss://gateway.discord.gg/?v=10&encoding=json [3mlen[0m[2m=[0m14 [3mpreview[0m[2m=[0m{"op":1,"d":1}
[2m2026-09-24T09:43:59.079426Z[0m [32m INFO[0m [2mhost_caps::ws[0m[2m:[0m <<< text frame [3murl[0m[2m=[0mwss://gateway.discord.gg/?v=10&encoding=json [3mlen[0m[2m=[0m36 [3mpreview[0m[2m=[0m{"t":null,"s":null,"op":11,"d":null}
[2m2026-09-24T09:44:40.223136Z[0m [32m INFO[0m [2mhost_caps::ws[0m[2m:[0m >>> text frame [3murl[0m[2m=[0mwss://gateway.discord.gg/?v=10&encoding=json [3mlen[0m[2m=[0m14 [3mpreview[0m[2m=[0m{"op":1,"d":1}
[2m2026-09-24T09:44:40.340919Z[0m [32m INFO[0m [2mhost_caps::ws[0m[2m:[0m <<< text frame [3murl[0m[2m=[0mwss://gateway.discord.gg/?v=10&encoding=json [3mlen[0m[2m=[0m36 [3mpreview[0m[2m=[0m{"t":null,"s":null,"op":11,"d":null}
[2m2026-09-24T09:45:21.481110Z[0m [32m INFO[0m [2mhost_caps::ws[0m[2m:[0m >>> text frame [3murl[0m[2m=[0mwss://gateway.discord.gg/?v=10&encoding=json [3mlen[0m[2m=[0m14 [3mpreview[0m[2m=[0m{"op":1,"d":1}
[2m2026-09-24T09:45:21.589230Z[0m [32m INFO[0m [2mhost_caps::ws[0m[2m:[0m <<< text frame [3murl[0m[2m=[0mwss://gateway.discord.gg/?v=10&encoding=json [3mlen[0m[2m=[0m36 [3mpreview[0m[2m=[0m{"t":null,"s":null,"op":11,"d":null}
[2m2026-09-24T09:46:02.734003Z[0m [32m INFO[0m [2mhost_caps::ws[0m[2m:[0m >>> text frame [3murl[0m[2m=[0mwss://gateway.discord.gg/?v=10&encoding=json [3mlen[0m[2m=[0m14 [3mpreview[0m[2m=[0m{"op":1,"d":1}
[2m2026-09-24T09:46:02.852963Z[0m [32m INFO[0m [2mhost_caps::ws[0m[2m:[0m <<< text frame [3murl[0m[2m=[0mwss://gateway.discord.gg/?v=10&encoding=json [3mlen[0m[2m=[0m36 [3mpreview[0m[2m=[0m{"t":null,"s":null,"op":11,"d":null}
[2m2026-09-24T09:46:43.994279Z[0m [32m INFO[0m [2mhost_caps::ws[0m[2m:[0m >>> text frame [3murl[0m[2m=[0mwss://gateway.discord.gg/?v=10&encoding=json [3mlen[0m[2m=[0m14 [3mpreview[0m[2m=[0m{"op":1,"d":1}
[2m2026-09-24T09:46:44.103363Z[0m [32m INFO[0m [2mhost_caps::ws[0m[2m:[0m <<< text frame [3murl[0m[2m=[0mwss://gateway.discord.gg/?v=10&encoding=json [3mlen[0m[2m=[0m36 [3mpreview[0m[2m=[0m{"t":null,"s":null,"op":11,"d":null}
[2m2026-09-24T09:47:25.257403Z[0m [32m INFO[0m [2mhost_caps::ws[0m[2m:[0m >>> text frame [3murl[0m[2m=[0mwss://gateway.discord.gg/?v=10&encoding=json [3mlen[0m[2m=[0m14 [3mpreview[0m[2m=[0m{"op":1,"d":1}
[2m2026-09-24T09:47:25.374878Z[0m [32m INFO[0m [2mhost_caps::ws[0m[2m:[0m <<< text frame [3murl[0m[2m=[0mwss://gateway.discord.gg/?v=10&encoding=json [3mlen[0m[2m=[0m36 [3mpreview[0m[2m=[0m{"t":null,"s":null,"op":11,"d":null}
[2m2026-09-24T09:48:06.520452Z[0m [32m INFO[0m [2mhost_caps::ws[0m[2m:[0m >>> text frame [3murl[0m[2m=[0mwss://gateway.discord.gg/?v=10&encoding=json [3mlen[0m[2m=[0m14 [3mpreview[0m[2m=[0m{"op":1,"d":1}
[2m2026-09-24T09:48:06.628345Z[0m [32m INFO[0m [2mhost_caps::ws[0m[2m:[0m <<< text frame [3murl[0m[2m=[0mwss://gateway.discord.gg/?v=10&encoding=json [3mlen[0m[2m=[0m36 [3mpreview[0m[2m=[0m{"t":null,"s":null,"op":11,"d":null}
[2m2026-09-24T09:48:47.782271Z[0m [32m INFO[0m [2mhost_caps::ws[0m[2m:[0m >>> text frame [3murl[0m[2m=[0mwss://gateway.discord.gg/?v=10&encoding=json [3mlen[0m[2m=[0m14 [3mpreview[0m[2m=[0m{"op":1,"d":1}
[2m2026-09-24T09:48:47.889796Z[0m [32m INFO[0m [2mhost_caps::ws[0m[2m:[0m <<< text frame [3murl[0m[2m=[0mwss://gateway.discord.gg/?v=10&encoding=json [3mlen[0m[2m=[0m36 [3mpreview[0m[2m=[0m{"t":null,"s":null,"op":11,"d":null}
[2m2026-09-24T09:49:29.038130Z[0m [32m INFO[0m [2mhost_caps::ws[0m[2m:[0m >>> text frame [3murl[0m[2m=[0mwss://gateway.discord.gg/?v=10&encoding=json [3mlen[0m[2m=[0m14 [3mpreview[0m[2m=[0m{"op":1,"d":1}
[2m2026-09-24T09:49:29.145406Z[0m [32m INFO[0m [2mhost_caps::ws[0m[2m:[0m <<< text frame [3murl[0m[2m=[0mwss://gateway.discord.gg/?v=10&encoding=json [3mlen[0m[2m=[0m36 [3mpreview[0m[2m=[0m{"t":null,"s":null,"op":11,"d":null}
[2m2026-09-24T09:50:10.302360Z[0m [32m INFO[0m [2mhost_caps::ws[0m[2m:[0m >>> text frame [3murl[0m[2m=[0mwss://gateway.discord.gg/?v=10&encoding=json [3mlen[0m[2m=[0m14 [3mpreview[0m[2m=[0m{"op":1,"d":1}
[2m2026-09-24T09:50:10.420787Z[0m [32m INFO[0m [2mhost_caps::ws[0m[2m:[0m <<< text frame [3murl[0m[2m=[0mwss://gateway.discord.gg/?v=10&encoding=json [3mlen[0m[2m=[0m36 [3mpreview[0m[2m=[0m{"t":null,"s":null,"op":11,"d":null}
[2m2026-09-24T09:50:51.565970Z[0m [32m INFO[0m [2mhost_caps::ws[0m[2m:[0m >>> text frame [3murl[0m[2m=[0mwss://gateway.discord.gg/?v=10&encoding=json [3mlen[0m[2m=[0m14 [3mpreview[0m[2m=[0m{"op":1,"d":1}
[2m2026-09-24T09:50:51.674237Z[0m [32m INFO[0m [2mhost_caps::ws[0m[2m:[0m <<< text frame [3murl[0m[2m=[0mwss://gateway.discord.gg/?v=10&encoding=json [3mlen[0m[2m=[0m36 [3mpreview[0m[2m=[0m{"t":null,"s":null,"op":11,"d":null}
[2m2026-09-24T09:51:32.828557Z[0m [32m INFO[0m [2mhost_caps::ws[0m[2m:[0m >>> text frame [3murl[0m[2m=[0mwss://gateway.discord.gg/?v=10&encoding=json [3mlen[0m[2m=[0m14 [3mpreview[0m[2m=[0m{"op":1,"d":1}
[2m2026-09-24T09:51:32.945658Z[0m [32m INFO[0m [2mhost_caps::ws[0m[2m:[0m <<< text frame [3murl[0m[2m=[0mwss://gateway.discord.gg/?v=10&encoding=json [3mlen[0m[2m=[0m36 [3mpreview[0m[2m=[0m{"t":null,"s":null,"op":11,"d":null}
[2m2026-09-24T09:52:14.084523Z[0m [32m INFO[0m [2mhost_caps::ws[0m[2m:[0m >>> text frame [3murl[0m[2m=[0mwss://gateway.discord.gg/?v=10&encoding=json [3mlen[0m[2m=[0m14 [3mpreview[0m[2m=[0m{"op":1,"d":1}
[2m2026-09-24T09:52:14.201336Z[0m [32m INFO[0m [2mhost_caps::ws[0m[2m:[0m <<< text frame [3murl[0m[2m=[0mwss://gateway.discord.gg/?v=10&encoding=json [3mlen[0m[2m=[0m36 [3mpreview[0m[2m=[0m{"t":null,"s":null,"op":11,"d":null}
[2m2026-09-24T09:52:55.341450Z[0m [32m INFO[0m [2mhost_caps::ws[0m[2m:[0m >>> text frame [3murl[0m[2m=[0mwss://gateway.discord.gg/?v=10&encoding=json [3mlen[0m[2m=[0m14 [3mpreview[0m[2m=[0m{"op":1,"d":1}
[2m2026-09-24T09:52:55.450549Z[0m [32m INFO[0m [2mhost_caps::ws[0m[2m:[0m <<< text frame [3murl[0m[2m=[0mwss://gateway.discord.gg/?v=10&encoding=json [3mlen[0m[2m=[0m36 [3mpreview[0m[2m=[0m{"t":null,"s":null,"op":11,"d":null}
[2m2026-09-24T09:53:36.598002Z[0m [32m INFO[0m [2mhost_caps::ws[0m[2m:[0m >>> text frame [3murl[0m[2m=[0mwss://gateway.discord.gg/?v=10&encoding=json [3mlen[0m[2m=[0m14 [3mpreview[0m[2m=[0m{"op":1,"d":1}
[2m2026-09-24T09:53:36.706026Z[0m [32m INFO[0m [2mhost_caps::ws[0m[2m:[0m <<< text frame [3murl[0m[2m=[0mwss://gateway.discord.gg/?v=10&encoding=json [3mlen[0m[2m=[0m36 [3mpreview[0m[2m=[0m{"t":null,"s":null,"op":11,"d":null}
[2m2026-09-24T09:54:17.853180Z[0m [32m INFO[0m [2mhost_caps::ws[0m[2m:[0m >>> text frame [3murl[0m[2m=[0mwss://gateway.discord.gg/?v=10&encoding=json [3mlen[0m[2m=[0m14 [3mpreview[0m[2m=[0m{"op":1,"d":1}
[2m2026-09-24T09:54:17.971465Z[0m [32m INFO[0m [2mhost_caps::ws[0m[2m:[0m <<< text frame [3murl[0m[2m=[0mwss://gateway.discord.gg/?v=10&encoding=json [3mlen[0m[2m=[0m36 [3mpreview[0m[2m=[0m{"t":null,"s":null,"op":11,"d":null}
[2m2026-09-24T09:54:59.106352Z[0m [32m INFO[0m [2mhost_caps::ws[0m[2m:[0m >>> text frame [3murl[0m[2m=[0mwss://gateway.discord.gg/?v=10&encoding=json [3mlen[0m[2m=[0m14 [3mpreview[0m[2m=[0m{"op":1,"d":1}
[2m2026-09-24T09:54:59.215107Z[0m [32m INFO[0m [2mhost_caps::ws[0m[2m:[0m <<< text frame [3murl[0m[2m=[0mwss://gateway.discord.gg/?v=10&encoding=json [3mlen[0m[2m=[0m36 [3mpreview[0m[2m=[0m{"t":null,"s":null,"op":11,"d":null}
[2m2026-09-24T09:55:40.368632Z[0m [32m INFO[0m [2mhost_caps::ws[0m[2m:[0m >>> text frame [3murl[0m[2m=[0mwss://gateway.discord.gg/?v=10&encoding=json [3mlen[0m[2m=[0m14 [3mpreview[0m[2m=[0m{"op":1,"d":1}
[2m2026-09-24T09:55:40.486559Z[0m [32m INFO[0m [2mhost_caps::ws[0m[2m:[0m <<< text frame [3murl[0m[2m=[0mwss://gateway.discord.gg/?v=10&encoding=json [3mlen[0m[2m=[0m36 [3mpreview[0m[2m=[0m{"t":null,"s":null,"op":11,"d":null}
[2m2026-09-24T09:56:21.630269Z[0m [32m INFO[0m [2mhost_caps::ws[0m[2m:[0m >>> text frame [3murl[0m[2m=[0mwss://gateway.discord.gg/?v=10&encoding=json [3mlen[0m[2m=[0m14 [3mpreview[0m[2m=[0m{"op":1,"d":1}
[2m2026-09-24T09:56:21.739202Z[0m [32m INFO[0m [2mhost_caps::ws[0m[2m:[0m <<< text frame [3murl[0m[2m=[0mwss://gateway.discord.gg/?v=10&encoding=json [3mlen[0m[2m=[0m36 [3mpreview[0m[2m=[0m{"t":null,"s":null,"op":11,"d":null}
[2m2026-09-24T09:57:02.886036Z[0m [32m INFO[0m [2mhost_caps::ws[0m[2m:[0m >>> text frame [3murl[0m[2m=[0mwss://gateway.discord.gg/?v=10&encoding=json [3mlen[0m[2m=[0m14 [3mpreview[0m[2m=[0m{"op":1,"d":1}
[2m2026-09-24T09:57:02.993447Z[0m [32m INFO[0m [2mhost_caps::ws[0m[2m:[0m <<< text frame [3murl[0m[2m=[0mwss://gateway.discord.gg/?v=10&encoding=json [3mlen[0m[2m=[0m36 [3mpreview[0m[2m=[0m{"t":null,"s":null,"op":11,"d":null}
[2m2026-09-24T09:57:44.153099Z[0m [32m INFO[0m [2mhost_caps::ws[0m[2m:[0m >>> text frame [3murl[0m[2m=[0mwss://gateway.discord.gg/?v=10&encoding=json [3mlen[0m[2m=[0m14 [3mpreview[0m[2m=[0m{"op":1,"d":1}
[2m2026-09-24T09:57:44.266945Z[0m [32m INFO[0m [2mhost_caps::ws[0m[2m:[0m <<< text frame [3murl[0m[2m=[0mwss://gateway.discord.gg/?v=10&encoding=json [3mlen[0m[2m=[0m36 [3mpreview[0m[2m=[0m{"t":null,"s":null,"op":11,"d":null}
[2m2026-09-24T09:58:25.404668Z[0m [32m INFO[0m [2mhost_caps::ws[0m[2m:[0m >>> text frame [3murl[0m[2m=[0mwss://gateway.discord.gg/?v=10&encoding=json [3mlen[0m[2m=[0m14 [3mpreview[0m[2m=[0m{"op":1,"d":1}
[2m2026-09-24T09:58:25.524272Z[0m [32m INFO[0m [2mhost_caps::ws[0m[2m:[0m <<< text frame [3murl[0m[2m=[0mwss://gateway.discord.gg/?v=10&encoding=json [3mlen[0m[2m=[0m36 [3mpreview[0m[2m=[0m{"t":null,"s":null,"op":11,"d":null}
[2m2026-09-24T09:59:06.654233Z[0m [32m INFO[0m [2mhost_caps::ws[0m[2m:[0m >>> text frame [3murl[0m[2m=[0mwss://gateway.discord.gg/?v=10&encoding=json [3mlen[0m[2m=[0m14 [3mpreview[0m[2m=[0m{"op":1,"d":1}
[2m2026-09-24T09:59:06.761873Z[0m [32m INFO[0m [2mhost_caps::ws[0m[2m:[0m <<< text frame [3murl[0m[2m=[0mwss://gateway.discord.gg/?v=10&encoding=json [3mlen[0m[2m=[0m36 [3mpreview[0m[2m=[0m{"t":null,"s":null,"op":11,"d":null}
[2m2026-09-24T09:59:47.917946Z[0m [32m INFO[0m [2mhost_caps::ws[0m[2m:[0m >>> text frame [3murl[0m[2m=[0mwss://gateway.discord.gg/?v=10&encoding=json [3mlen[0m[2m=[0m14 [3mpreview[0m[2m=[0m{"op":1,"d":1}
[2m2026-09-24T09:59:48.028137Z[0m [32m INFO[0m [2mhost_caps::ws[0m[2m:[0m <<< text frame [3murl[0m[2m=[0mwss://gateway.discord.gg/?v=10&encoding=json [3mlen[0m[2m=[0m36 [3mpreview[0m[2m=[0m{"t":null,"s":null,"op":11,"d":null}
[2m2026-09-24T10:00:29.179038Z[0m [32m INFO[0m [2mhost_caps::ws[0m[2m:[0m >>> text frame [3murl[0m[2m=[0mwss://gateway.discord.gg/?v=10&encoding=json [3mlen[0m[2m=[0m14 [3mpreview[0m[2m=[0m{"op":1,"d":1}
[2m2026-09-24T10:00:29.281757Z[0m [32m INFO[0m [2mhost_caps::ws[0m[2m:[0m <<< text frame [3murl[0m[2m=[0mwss://gateway.discord.gg/?v=10&encoding=json [3mlen[0m[2m=[0m36 [3mpreview[0m[2m=[0m{"t":null,"s":null,"op":11,"d":null}
[2m2026-09-24T10:01:10.433736Z[0m [32m INFO[0m [2mhost_caps::ws[0m[2m:[0m >>> text frame [3murl[0m[2m=[0mwss://gateway.discord.gg/?v=10&encoding=json [3mlen[0m[2m=[0m14 [3mpreview[0m[2m=[0m{"op":1,"d":1}
[2m2026-09-24T10:01:10.532073Z[0m [32m INFO[0m [2mhost_caps::ws[0m[2m:[0m <<< text frame [3murl[0m[2m=[0mwss://gateway.discord.gg/?v=10&encoding=json [3mlen[0m[2m=[0m36 [3mpreview[0m[2m=[0m{"t":null,"s":null,"op":11,"d":null}
[2m2026-09-24T10:01:51.687307Z[0m [32m INFO[0m [2mhost_caps::ws[0m[2m:[0m >>> text frame [3murl[0m[2m=[0mwss://gateway.discord.gg/?v=10&encoding=json [3mlen[0m[2m=[0m14 [3mpreview[0m[2m=[0m{"op":1,"d":1}
[2m2026-09-24T10:01:51.785501Z[0m [32m INFO[0m [2mhost_caps::ws[0m[2m:[0m <<< text frame [3murl[0m[2m=[0mwss://gateway.discord.gg/?v=10&encoding=json [3mlen[0m[2m=[0m36 [3mpreview[0m[2m=[0m{"t":null,"s":null,"op":11,"d":null}
[2m2026-09-24T10:02:32.951300Z[0m [32m INFO[0m [2mhost_caps::ws[0m[2m:[0m >>> text frame [3murl[0m[2m=[0mwss://gateway.discord.gg/?v=10&encoding=json [3mlen[0m[2m=[0m14 [3mpreview[0m[2m=[0m{"op":1,"d":1}
[2m2026-09-24T10:02:33.051082Z[0m [32m INFO[0m [2mhost_caps::ws[0m[2m:[0m <<< text frame [3murl[0m[2m=[0mwss://gateway.discord.gg/?v=10&encoding=json [3mlen[0m[2m=[0m36 [3mpreview[0m[2m=[0m{"t":null,"s":null,"op":11,"d":null}
[2m2026-09-24T10:03:14.206949Z[0m [32m INFO[0m [2mhost_caps::ws[0m[2m:[0m >>> text frame [3murl[0m[2m=[0mwss://gateway.discord.gg/?v=10&encoding=json [3mlen[0m[2m=[0m14 [3mpreview[0m[2m=[0m{"op":1,"d":1}
[2m2026-09-24T10:03:14.310524Z[0m [32m INFO[0m [2mhost_caps::ws[0m[2m:[0m <<< text frame [3murl[0m[2m=[0mwss://gateway.discord.gg/?v=10&encoding=json [3mlen[0m[2m=[0m36 [3mpreview[0m[2m=[0m{"t":null,"s":null,"op":11,"d":null}
[2m2026-09-24T10:03:55.464427Z[0m [32m INFO[0m [2mhost_caps::ws[0m[2m:[0m >>> text frame [3murl[0m[2m=[0mwss://gateway.discord.gg/?v=10&encoding=json [3mlen[0m[2m=[0m14 [3mpreview[0m[2m=[0m{"op":1,"d":1}
[2m2026-09-24T10:03:55.563813Z[0m [32m INFO[0m [2mhost_caps::ws[0m[2m:[0m <<< text frame [3murl[0m[2m=[0mwss://gateway.discord.gg/?v=10&encoding=json [3mlen[0m[2m=[0m36 [3mpreview[0m[2m=[0m{"t":null,"s":null,"op":11,"d":null}
[2m2026-09-24T10:04:36.717744Z[0m [32m INFO[0m [2mhost_caps::ws[0m[2m:[0m >>> text frame [3murl[0m[2m=[0mwss://gateway.discord.gg/?v=10&encoding=json [3mlen[0m[2m=[0m14 [3mpreview[0m[2m=[0m{"op":1,"d":1}
[2m2026-09-24T10:04:36.827411Z[0m [32m INFO[0m [2mhost_caps::ws[0m[2m:[0m <<< text frame [3murl[0m[2m=[0mwss://gateway.discord.gg/?v=10&encoding=json [3mlen[0m[2m=[0m36 [3mpreview[0m[2m=[0m{"t":null,"s":null,"op":11,"d":null}
[2m2026-09-24T10:05:17.976543Z[0m [32m INFO[0m [2mhost_caps::ws[0m[2m:[0m >>> text frame [3murl[0m[2m=[0mwss://gateway.discord.gg/?v=10&encoding=json [3mlen[0m[2m=[0m14 [3mpreview[0m[2m=[0m{"op":1,"d":1}
[2m2026-09-24T10:05:18.084581Z[0m [32m INFO[0m [2mhost_caps::ws[0m[2m:[0m <<< text frame [3murl[0m[2m=[0mwss://gateway.discord.gg/?v=10&encoding=json [3mlen[0m[2m=[0m36 [3mpreview[0m[2m=[0m{"t":null,"s":null,"op":11,"d":null}
[2m2026-09-24T10:05:59.231340Z[0m [32m INFO[0m [2mhost_caps::ws[0m[2m:[0m >>> text frame [3murl[0m[2m=[0mwss://gateway.discord.gg/?v=10&encoding=json [3mlen[0m[2m=[0m14 [3mpreview[0m[2m=[0m{"op":1,"d":1}
[2m2026-09-24T10:05:59.340255Z[0m [32m INFO[0m [2mhost_caps::ws[0m[2m:[0m <<< text frame [3murl[0m[2m=[0mwss://gateway.discord.gg/?v=10&encoding=json [3mlen[0m[2m=[0m36 [3mpreview[0m[2m=[0m{"t":null,"s":null,"op":11,"d":null}
[2m2026-09-24T10:06:40.490667Z[0m [32m INFO[0m [2mhost_caps::ws[0m[2m:[0m >>> text frame [3murl[0m[2m=[0mwss://gateway.discord.gg/?v=10&encoding=json [3mlen[0m[2m=[0m14 [3mpreview[0m[2m=[0m{"op":1,"d":1}
[2m2026-09-24T10:06:40.589595Z[0m [32m INFO[0m [2mhost_caps::ws[0m[2m:[0m <<< text frame [3murl[0m[2m=[0mwss://gateway.discord.gg/?v=10&encoding=json [3mlen[0m[2m=[0m36 [3mpreview[0m[2m=[0m{"t":null,"s":null,"op":11,"d":null}
[2m2026-09-24T10:07:21.753232Z[0m [32m INFO[0m [2mhost_caps::ws[0m[2m:[0m >>> text frame [3murl[0m[2m=[0mwss://gateway.discord.gg/?v=10&encoding=json [3mlen[0m[2m=[0m14 [3mpreview[0m[2m=[0m{"op":1,"d":1}
[2m2026-09-24T10:07:21.852940Z[0m [32m INFO[0m [2mhost_caps::ws[0m[2m:[0m <<< text frame [3murl[0m[2m=[0mwss://gateway.discord.gg/?v=10&encoding=json [3mlen[0m[2m=[0m36 [3mpreview[0m[2m=[0m{"t":null,"s":null,"op":11,"d":null}
[2m2026-09-24T10:08:03.008488Z[0m [32m INFO[0m [2mhost_caps::ws[0m[2m:[0m >>> text frame [3murl[0m[2m=[0mwss://gateway.discord.gg/?v=10&encoding=json [3mlen[0m[2m=[0m14 [3mpreview[0m[2m=[0m{"op":1,"d":1}
[2m2026-09-24T10:08:03.107375Z[0m [32m INFO[0m [2mhost_caps::ws[0m[2m:[0m <<< text frame [3murl[0m[2m=[0mwss://gateway.discord.gg/?v=10&encoding=json [3mlen[0m[2m=[0m36 [3mpreview[0m[2m=[0m{"t":null,"s":null,"op":11,"d":null}
[2m2026-09-24T10:08:44.265225Z[0m [32m INFO[0m [2mhost_caps::ws[0m[2m:[0m >>> text frame [3murl[0m[2m=[0mwss://gateway.discord.gg/?v=10&encoding=json [3mlen[0m[2m=[0m14 [3mpreview[0m[2m=[0m{"op":1,"d":1}
[2m2026-09-24T10:08:44.373985Z[0m [32m INFO[0m [2mhost_caps::ws[0m[2m:[0m <<< text frame [3murl[0m[2m=[0mwss://gateway.discord.gg/?v=10&encoding=json [3mlen[0m[2m=[0m36 [3mpreview[0m[2m=[0m{"t":null,"s":null,"op":11,"d":null}
[2m2026-09-24T10:09:25.517881Z[0m [32m INFO[0m [2mhost_caps::ws[0m[2m:[0m >>> text frame [3murl[0m[2m=[0mwss://gateway.discord.gg/?v=10&encoding=json [3mlen[0m[2m=[0m14 [3mpreview[0m[2m=[0m{"op":1,"d":1}
[2m2026-09-24T10:09:25.617596Z[0m [32m INFO[0m [2mhost_caps::ws[0m[2m:[0m <<< text frame [3murl[0m[2m=[0mwss://gateway.discord.gg/?v=10&encoding=json [3mlen[0m[2m=[0m36 [3mpreview[0m[2m=[0m{"t":null,"s":null,"op":11,"d":null}
[2m2026-09-24T10:10:06.776089Z[0m [32m INFO[0m [2mhost_caps::ws[0m[2m:[0m >>> text frame [3murl[0m[2m=[0mwss://gateway.discord.gg/?v=10&encoding=json [3mlen[0m[2m=[0m14 [3mpreview[0m[2m=[0m{"op":1,"d":1}
[2m2026-09-24T10:10:07.101298Z[0m [32m INFO[0m [2mhost_caps::ws[0m[2m:[0m <<< text frame [3murl[0m[2m=[0mwss://gateway.discord.gg/?v=10&encoding=json [3mlen[0m[2m=[0m36 [3mpreview[0m[2m=[0m{"t":null,"s":null,"op":11,"d":null}
[2m2026-09-24T10:10:48.036134Z[0m [32m INFO[0m [2mhost_caps::ws[0m[2m:[0m >>> text frame [3murl[0m[2m=[0mwss://gateway.discord.gg/?v=10&encoding=json [3mlen[0m[2m=[0m14 [3mpreview[0m[2m=[0m{"op":1,"d":1}
[2m2026-09-24T10:10:48.151992Z[0m [32m INFO[0m [2mhost_caps::ws[0m[2m:[0m <<< text frame [3murl[0m[2m=[0mwss://gateway.discord.gg/?v=10&encoding=json [3mlen[0m[2m=[0m36 [3mpreview[0m[2m=[0m{"t":null,"s":null,"op":11,"d":null}
[2m2026-09-24T10:11:29.298778Z[0m [32m INFO[0m [2mhost_caps::ws[0m[2m:[0m >>> text frame [3murl[0m[2m=[0mwss://gateway.discord.gg/?v=10&encoding=json [3mlen[0m[2m=[0m14 [3mpreview[0m[2m=[0m{"op":1,"d":1}
[2m2026-09-24T10:11:29.408610Z[0m [32m INFO[0m [2mhost_caps::ws[0m[2m:[0m <<< text frame [3murl[0m[2m=[0mwss://gateway.discord.gg/?v=10&encoding=json [3mlen[0m[2m=[0m36 [3mpreview[0m[2m=[0m{"t":null,"s":null,"op":11,"d":null}
[2m2026-09-24T10:12:10.556900Z[0m [32m INFO[0m [2mhost_caps::ws[0m[2m:[0m >>> text frame [3murl[0m[2m=[0mwss://gateway.discord.gg/?v=10&encoding=json [3mlen[0m[2m=[0m14 [3mpreview[0m[2m=[0m{"op":1,"d":1}
[2m2026-09-24T10:12:10.666865Z[0m [32m INFO[0m [2mhost_caps::ws[0m[2m:[0m <<< text frame [3murl[0m[2m=[0mwss://gateway.discord.gg/?v=10&encoding=json [3mlen[0m[2m=[0m36 [3mpreview[0m[2m=[0m{"t":null,"s":null,"op":11,"d":null}
[2m2026-09-24T10:12:51.813890Z[0m [32m INFO[0m [2mhost_caps::ws[0m[2m:[0m >>> text frame [3murl[0m[2m=[0mwss://gateway.discord.gg/?v=10&encoding=json [3mlen[0m[2m=[0m14 [3mpreview[0m[2m=[0m{"op":1,"d":1}
[2m2026-09-24T10:12:51.914214Z[0m [32m INFO[0m [2mhost_caps::ws[0m[2m:[0m <<< text frame [3murl[0m[2m=[0mwss://gateway.discord.gg/?v=10&encoding=json [3mlen[0m[2m=[0m36 [3mpreview[0m[2m=[0m{"t":null,"s":null,"op":11,"d":null}
[2m2026-09-24T10:13:33.075295Z[0m [32m INFO[0m [2mhost_caps::ws[0m[2m:[0m >>> text frame [3murl[0m[2m=[0mwss://gateway.discord.gg/?v=10&encoding=json [3mlen[0m[2m=[0m14 [3mpreview[0m[2m=[0m{"op":1,"d":1}
[2m2026-09-24T10:13:33.193604Z[0m [32m INFO[0m [2mhost_caps::ws[0m[2m:[0m <<< text frame [3murl[0m[2m=[0mwss://gateway.discord.gg/?v=10&encoding=json [3mlen[0m[2m=[0m36 [3mpreview[0m[2m=[0m{"t":null,"s":null,"op":11,"d":null}
[2m2026-09-24T10:14:14.330308Z[0m [32m INFO[0m [2mhost_caps::ws[0m[2m:[0m >>> text frame [3murl[0m[2m=[0mwss://gateway.discord.gg/?v=10&encoding=json [3mlen[0m[2m=[0m14 [3mpreview[0m[2m=[0m{"op":1,"d":1}
[2m2026-09-24T10:14:14.429043Z[0m [32m INFO[0m [2mhost_caps::ws[0m[2m:[0m <<< text frame [3murl[0m[2m=[0mwss://gateway.discord.gg/?v=10&encoding=json [3mlen[0m[2m=[0m36 [3mpreview[0m[2m=[0m{"t":null,"s":null,"op":11,"d":null}
[2m2026-09-24T10:14:55.578356Z[0m [32m INFO[0m [2mhost_caps::ws[0m[2m:[0m >>> text frame [3murl[0m[2m=[0mwss://gateway.discord.gg/?v=10&encoding=json [3mlen[0m[2m=[0m14 [3mpreview[0m[2m=[0m{"op":1,"d":1}
[2m2026-09-24T10:14:55.680137Z[0m [32m INFO[0m [2mhost_caps::ws[0m[2m:[0m <<< text frame [3murl[0m[2m=[0mwss://gateway.discord.gg/?v=10&encoding=json [3mlen[0m[2m=[0m36 [3mpreview[0m[2m=[0m{"t":null,"s":null,"op":11,"d":null}
[2m2026-09-24T10:15:36.841128Z[0m [32m INFO[0m [2mhost_caps::ws[0m[2m:[0m >>> text frame [3murl[0m[2m=[0mwss://gateway.discord.gg/?v=10&encoding=json [3mlen[0m[2m=[0m14 [3mpreview[0m[2m=[0m{"op":1,"d":1}
[2m2026-09-24T10:15:36.949866Z[0m [32m INFO[0m [2mhost_caps::ws[0m[2m:[0m <<< text frame [3murl[0m[2m=[0mwss://gateway.discord.gg/?v=10&encoding=json [3mlen[0m[2m=[0m36 [3mpreview[0m[2m=[0m{"t":null,"s":null,"op":11,"d":null}
[2m2026-09-24T10:16:18.103869Z[0m [32m INFO[0m [2mhost_caps::ws[0m[2m:[0m >>> text frame [3murl[0m[2m=[0mwss://gateway.discord.gg/?v=10&encoding=json [3mlen[0m[2m=[0m14 [3mpreview[0m[2m=[0m{"op":1,"d":1}
[2m2026-09-24T10:16:18.213334Z[0m [32m INFO[0m [2mhost_caps::ws[0m[2m:[0m <<< text frame [3murl[0m[2m=[0mwss://gateway.discord.gg/?v=10&encoding=json [3mlen[0m[2m=[0m36 [3mpreview[0m[2m=[0m{"t":null,"s":null,"op":11,"d":null}
[2m2026-09-24T10:16:59.369166Z[0m [32m INFO[0m [2mhost_caps::ws[0m[2m:[0m >>> text frame [3murl[0m[2m=[0mwss://gateway.discord.gg/?v=10&encoding=json [3mlen[0m[2m=[0m14 [3mpreview[0m[2m=[0m{"op":1,"d":1}
[2m2026-09-24T10:16:59.468843Z[0m [32m INFO[0m [2mhost_caps::ws[0m[2m:[0m <<< text frame [3murl[0m[2m=[0mwss://gateway.discord.gg/?v=10&encoding=json [3mlen[0m[2m=[0m36 [3mpreview[0m[2m=[0m{"t":null,"s":null,"op":11,"d":null}
[2m2026-09-24T10:17:40.627383Z[0m [32m INFO[0m [2mhost_caps::ws[0m[2m:[0m >>> text frame [3murl[0m[2m=[0mwss://gateway.discord.gg/?v=10&encoding=json [3mlen[0m[2m=[0m14 [3mpreview[0m[2m=[0m{"op":1,"d":1}
[2m2026-09-24T10:17:40.726226Z[0m [32m INFO[0m [2mhost_caps::ws[0m[2m:[0m <<< text frame [3murl[0m[2m=[0mwss://gateway.discord.gg/?v=10&encoding=json [3mlen[0m[2m=[0m36 [3mpreview[0m[2m=[0m{"t":null,"s":null,"op":11,"d":null}
[2m2026-09-24T10:18:21.877741Z[0m [32m INFO[0m [2mhost_caps::ws[0m[2m:[0m >>> text frame [3murl[0m[2m=[0mwss://gateway.discord.gg/?v=10&encoding=json [3mlen[0m[2m=[0m14 [3mpreview[0m[2m=[0m{"op":1,"d":1}
[2m2026-09-24T10:18:21.979566Z[0m [32m INFO[0m [2mhost_caps::ws[0m[2m:[0m <<< text frame [3murl[0m[2m=[0mwss://gateway.discord.gg/?v=10&encoding=json [3mlen[0m[2m=[0m36 [3mpreview[0m[2m=[0m{"t":null,"s":null,"op":11,"d":null}
[2m2026-09-24T10:19:03.132529Z[0m [32m INFO[0m [2mhost_caps::ws[0m[2m:[0m >>> text frame [3murl[0m[2m=[0mwss://gateway.discord.gg/?v=10&encoding=json [3mlen[0m[2m=[0m14 [3mpreview[0m[2m=[0m{"op":1,"d":1}
[2m2026-09-24T10:19:03.243337Z[0m [32m INFO[0m [2mhost_caps::ws[0m[2m:[0m <<< text frame [3murl[0m[2m=[0mwss://gateway.discord.gg/?v=10&encoding=json [3mlen[0m[2m=[0m36 [3mpreview[0m[2m=[0m{"t":null,"s":null,"op":11,"d":null}
[2m2026-09-24T10:19:44.380578Z[0m [32m INFO[0m [2mhost_caps::ws[0m[2m:[0m >>> text frame [3murl[0m[2m=[0mwss://gateway.discord.gg/?v=10&encoding=json [3mlen[0m[2m=[0m14 [3mpreview[0m[2m=[0m{"op":1,"d":1}
[2m2026-09-24T10:19:44.490391Z[0m [32m INFO[0m [2mhost_caps::ws[0m[2m:[0m <<< text frame [3murl[0m[2m=[0mwss://gateway.discord.gg/?v=10&encoding=json [3mlen[0m[2m=[0m36 [3mpreview[0m[2m=[0m{"t":null,"s":null,"op":11,"d":null}
[2m2026-09-24T10:20:25.631327Z[0m [32m INFO[0m [2mhost_caps::ws[0m[2m:[0m >>> text frame [3murl[0m[2m=[0mwss://gateway.discord.gg/?v=10&encoding=json [3mlen[0m[2m=[0m14 [3mpreview[0m[2m=[0m{"op":1,"d":1}
[2m2026-09-24T10:20:25.731908Z[0m [32m INFO[0m [2mhost_caps::ws[0m[2m:[0m <<< text frame [3murl[0m[2m=[0mwss://gateway.discord.gg/?v=10&encoding=json [3mlen[0m[2m=[0m36 [3mpreview[0m[2m=[0m{"t":null,"s":null,"op":11,"d":null}
[2m2026-09-24T10:21:06.884314Z[0m [32m INFO[0m [2mhost_caps::ws[0m[2m:[0m >>> text frame [3murl[0m[2m=[0mwss://gateway.discord.gg/?v=10&encoding=json [3mlen[0m[2m=[0m14 [3mpreview[0m[2m=[0m{"op":1,"d":1}
[2m2026-09-24T10:21:06.987548Z[0m [32m INFO[0m [2mhost_caps::ws[0m[2m:[0m <<< text frame [3murl[0m[2m=[0mwss://gateway.discord.gg/?v=10&encoding=json [3mlen[0m[2m=[0m36 [3mpreview[0m[2m=[0m{"t":null,"s":null,"op":11,"d":null}
[2m2026-09-24T10:21:48.143927Z[0m [32m INFO[0m [2mhost_caps::ws[0m[2m:[0m >>> text frame [3murl[0m[2m=[0mwss://gateway.discord.gg/?v=10&encoding=json [3mlen[0m[2m=[0m14 [3mpreview[0m[2m=[0m{"op":1,"d":1}
[2m2026-09-24T10:21:48.245518Z[0m [32m INFO[0m [2mhost_caps::ws[0m[2m:[0m <<< text frame [3murl[0m[2m=[0mwss://gateway.discord.gg/?v=10&encoding=json [3mlen[0m[2m=[0m36 [3mpreview[0m[2m=[0m{"t":null,"s":null,"op":11,"d":null}
[2m2026-09-24T10:22:29.407115Z[0m [32m INFO[0m [2mhost_caps::ws[0m[2m:[0m >>> text frame [3murl[0m[2m=[0mwss://gateway.discord.gg/?v=10&encoding=json [3mlen[0m[2m=[0m14 [3mpreview[0m[2m=[0m{"op":1,"d":1}
[2m2026-09-24T10:22:29.507942Z[0m [32m INFO[0m [2mhost_caps::ws[0m[2m:[0m <<< text frame [3murl[0m[2m=[0mwss://gateway.discord.gg/?v=10&encoding=json [3mlen[0m[2m=[0m36 [3mpreview[0m[2m=[0m{"t":null,"s":null,"op":11,"d":null}
[2m2026-09-24T10:23:10.666754Z[0m [32m INFO[0m [2mhost_caps::ws[0m[2m:[0m >>> text frame [3murl[0m[2m=[0mwss://gateway.discord.gg/?v=10&encoding=json [3mlen[0m[2m=[0m14 [3mpreview[0m[2m=[0m{"op":1,"d":1}
[2m2026-09-24T10:23:10.767340Z[0m [32m INFO[0m [2mhost_caps::ws[0m[2m:[0m <<< text frame [3murl[0m[2m=[0mwss://gateway.discord.gg/?v=10&encoding=json [3mlen[0m[2m=[0m36 [3mpreview[0m[2m=[0m{"t":null,"s":null,"op":11,"d":null}
[2m2026-09-24T10:23:51.936001Z[0m [32m INFO[0m [2mhost_caps::ws[0m[2m:[0m >>> text frame [3murl[0m[2m=[0mwss://gateway.discord.gg/?v=10&encoding=json [3mlen[0m[2m=[0m14 [3mpreview[0m[2m=[0m{"op":1,"d":1}
[2m2026-09-24T10:23:52.046783Z[0m [32m INFO[0m [2mhost_caps::ws[0m[2m:[0m <<< text frame [3murl[0m[2m=[0mwss://gateway.discord.gg/?v=10&encoding=json [3mlen[0m[2m=[0m36 [3mpreview[0m[2m=[0m{"t":null,"s":null,"op":11,"d":null}
[2m2026-09-24T10:24:33.196144Z[0m [32m INFO[0m [2mhost_caps::ws[0m[2m:[0m >>> text frame [3murl[0m[2m=[0mwss://gateway.discord.gg/?v=10&encoding=json [3mlen[0m[2m=[0m14 [3mpreview[0m[2m=[0m{"op":1,"d":1}
[2m2026-09-24T10:24:33.296530Z[0m [32m INFO[0m [2mhost_caps::ws[0m[2m:[0m <<< text frame [3murl[0m[2m=[0mwss://gateway.discord.gg/?v=10&encoding=json [3mlen[0m[2m=[0m36 [3mpreview[0m[2m=[0m{"t":null,"s":null,"op":11,"d":null}
[2m2026-09-24T10:25:14.449845Z[0m [32m INFO[0m [2mhost_caps::ws[0m[2m:[0m >>> text frame [3murl[0m[2m=[0mwss://gateway.discord.gg/?v=10&encoding=json [3mlen[0m[2m=[0m14 [3mpreview[0m[2m=[0m{"op":1,"d":1}
[2m2026-09-24T10:25:14.559360Z[0m [32m INFO[0m [2mhost_caps::ws[0m[2m:[0m <<< text frame [3murl[0m[2m=[0mwss://gateway.discord.gg/?v=10&encoding=json [3mlen[0m[2m=[0m36 [3mpreview[0m[2m=[0m{"t":null,"s":null,"op":11,"d":null}
[2m2026-09-24T10:25:55.711125Z[0m [32m INFO[0m [2mhost_caps::ws[0m[2m:[0m >>> text frame [3murl[0m[2m=[0mwss://gateway.discord.gg/?v=10&encoding=json [3mlen[0m[2m=[0m14 [3mpreview[0m[2m=[0m{"op":1,"d":1}
[2m2026-09-24T10:25:55.820936Z[0m [32m INFO[0m [2mhost_caps::ws[0m[2m:[0m <<< text frame [3murl[0m[2m=[0mwss://gateway.discord.gg/?v=10&encoding=json [3mlen[0m[2m=[0m36 [3mpreview[0m[2m=[0m{"t":null,"s":null,"op":11,"d":null}
[2m2026-09-24T10:26:36.974079Z[0m [32m INFO[0m [2mhost_caps::ws[0m[2m:[0m >>> text frame [3murl[0m[2m=[0mwss://gateway.discord.gg/?v=10&encoding=json [3mlen[0m[2m=[0m14 [3mpreview[0m[2m=[0m{"op":1,"d":1}
[2m2026-09-24T10:26:37.074417Z[0m [32m INFO[0m [2mhost_caps::ws[0m[2m:[0m <<< text frame [3murl[0m[2m=[0mwss://gateway.discord.gg/?v=10&encoding=json [3mlen[0m[2m=[0m36 [3mpreview[0m[2m=[0m{"t":null,"s":null,"op":11,"d":null}
[2m2026-09-24T10:27:18.232123Z[0m [32m INFO[0m [2mhost_caps::ws[0m[2m:[0m >>> text frame [3murl[0m[2m=[0mwss://gateway.discord.gg/?v=10&encoding=json [3mlen[0m[2m=[0m14 [3mpreview[0m[2m=[0m{"op":1,"d":1}
[2m2026-09-24T10:27:18.333565Z[0m [32m INFO[0m [2mhost_caps::ws[0m[2m:[0m <<< text frame [3murl[0m[2m=[0mwss://gateway.discord.gg/?v=10&encoding=json [3mlen[0m[2m=[0m36 [3mpreview[0m[2m=[0m{"t":null,"s":null,"op":11,"d":null}
[2m2026-09-24T10:27:59.489840Z[0m [32m INFO[0m [2mhost_caps::ws[0m[2m:[0m >>> text frame [3murl[0m[2m=[0mwss://gateway.discord.gg/?v=10&encoding=json [3mlen[0m[2m=[0m14 [3mpreview[0m[2m=[0m{"op":1,"d":1}
[2m2026-09-24T10:27:59.591001Z[0m [32m INFO[0m [2mhost_caps::ws[0m[2m:[0m <<< text frame [3murl[0m[2m=[0mwss://gateway.discord.gg/?v=10&encoding=json [3mlen[0m[2m=[0m36 [3mpreview[0m[2m=[0m{"t":null,"s":null,"op":11,"d":null}
[2m2026-09-24T10:28:40.753648Z[0m [32m INFO[0m [2mhost_caps::ws[0m[2m:[0m >>> text frame [3murl[0m[2m=[0mwss://gateway.discord.gg/?v=10&encoding=json [3mlen[0m[2m=[0m14 [3mpreview[0m[2m=[0m{"op":1,"d":1}
[2m2026-09-24T10:28:40.861801Z[0m [32m INFO[0m [2mhost_caps::ws[0m[2m:[0m <<< text frame [3murl[0m[2m=[0mwss://gateway.discord.gg/?v=10&encoding=json [3mlen[0m[2m=[0m36 [3mpreview[0m[2m=[0m{"t":null,"s":null,"op":11,"d":null}
[2m2026-09-24T10:29:22.011849Z[0m [32m INFO[0m [2mhost_caps::ws[0m[2m:[0m >>> text frame [3murl[0m[2m=[0mwss://gateway.discord.gg/?v=10&encoding=json [3mlen[0m[2m=[0m14 [3mpreview[0m[2m=[0m{"op":1,"d":1}
[2m2026-09-24T10:29:22.112024Z[0m [32m INFO[0m [2mhost_caps::ws[0m[2m:[0m <<< text frame [3murl[0m[2m=[0mwss://gateway.discord.gg/?v=10&encoding=json [3mlen[0m[2m=[0m36 [3mpreview[0m[2m=[0m{"t":null,"s":null,"op":11,"d":null}
[2m2026-09-24T10:30:03.273522Z[0m [32m INFO[0m [2mhost_caps::ws[0m[2m:[0m >>> text frame [3murl[0m[2m=[0mwss://gateway.discord.gg/?v=10&encoding=json [3mlen[0m[2m=[0m14 [3mpreview[0m[2m=[0m{"op":1,"d":1}
[2m2026-09-24T10:30:03.373176Z[0m [32m INFO[0m [2mhost_caps::ws[0m[2m:[0m <<< text frame [3murl[0m[2m=[0mwss://gateway.discord.gg/?v=10&encoding=json [3mlen[0m[2m=[0m36 [3mpreview[0m[2m=[0m{"t":null,"s":null,"op":11,"d":null}
[2m2026-09-24T10:30:44.533440Z[0m [32m INFO[0m [2mhost_caps::ws[0m[2m:[0m >>> text frame [3murl[0m[2m=[0mwss://gateway.discord.gg/?v=10&encoding=json [3mlen[0m[2m=[0m14 [3mpreview[0m[2m=[0m{"op":1,"d":1}
[2m2026-09-24T10:30:44.634682Z[0m [32m INFO[0m [2mhost_caps::ws[0m[2m:[0m <<< text frame [3murl[0m[2m=[0mwss://gateway.discord.gg/?v=10&encoding=json [3mlen[0m[2m=[0m36 [3mpreview[0m[2m=[0m{"t":null,"s":null,"op":11,"d":null}
[2m2026-09-24T10:30:46.192804Z[0m [33m WARN[0m [2mexeclaw_server::events[0m[2m:[0m ws recv error: WebSocket protocol error: Connection reset without closing handshake
[2m2026-09-24T10:30:46.192804Z[0m [33m WARN[0m [2mexeclaw_server::events[0m[2m:[0m ws recv error: WebSocket protocol error: Connection reset without closing handshake
[2m2026-09-24T10:30:46.193554Z[0m [33m WARN[0m [2mexeclaw_server::events[0m[2m:[0m ws recv error: WebSocket protocol error: Connection reset without closing handshake
[2m2026-09-24T10:30:55.358872Z[0m [33m WARN[0m [2mexeclaw_server::events[0m[2m:[0m ws recv error: WebSocket protocol error: Connection reset without closing handshake
[2m2026-09-24T10:30:55.359621Z[0m [33m WARN[0m [2mexeclaw_server::events[0m[2m:[0m ws recv error: WebSocket protocol error: Connection reset without closing handshake
[2m2026-09-24T10:30:55.359663Z[0m [33m WARN[0m [2mexeclaw_server::events[0m[2m:[0m ws recv error: WebSocket protocol error: Connection reset without closing handshake
[2m2026-09-24T14:29:55.071976Z[0m [33m WARN[0m [2mexeclaw_server::sidecar_supervisor[0m[2m:[0m sidecar inspect failed; will recheck next tick [3msidecar[0m[2m=[0msignal-cli [3merror[0m[2m=[0mcontainer runtime: inspect: Docker responded with status code 500: 
[2m2026-09-24T14:29:55.574943Z[0m [32m INFO[0m [2mhost_caps::ws[0m[2m:[0m >>> text frame [3murl[0m[2m=[0mwss://gateway.discord.gg/?v=10&encoding=json [3mlen[0m[2m=[0m14 [3mpreview[0m[2m=[0m{"op":1,"d":1}
[2m2026-09-24T14:29:55.687545Z[0m [33m WARN[0m [2mhost_caps::ws[0m[2m:[0m stream error; reconnecting [3murl[0m[2m=[0mwss://gateway.discord.gg/?v=10&encoding=json [3merror[0m[2m=[0mIO error: An existing connection was forcibly closed by the remote host. (os error 10054)
[2m2026-09-24T14:29:56.539577Z[0m [32m INFO[0m [2mhost_caps::ws[0m[2m:[0m connected [3murl[0m[2m=[0mwss://gateway.discord.gg/?v=10&encoding=json
[2m2026-09-24T14:29:56.561623Z[0m [32m INFO[0m [2mhost_caps::ws[0m[2m:[0m <<< text frame [3murl[0m[2m=[0mwss://gateway.discord.gg/?v=10&encoding=json [3mlen[0m[2m=[0m128 [3mpreview[0m[2m=[0m{"t":null,"s":null,"op":10,"d":{"heartbeat_interval":41250,"_trace":["[\"gateway-prd-arm-us-east1-b-4s6h\",{\"micros\":0.0}]"]}}
[2m2026-09-24T14:29:56.565836Z[0m [32m INFO[0m [2mexeclaw_script::primitives[0m[2m:[0m discord: Hello received; heartbeat_interval=41250ms [3mplugin_id[0m[2m=[0mdiscord
[2m2026-09-24T14:29:56.575063Z[0m [32m INFO[0m [2mexeclaw_script::primitives[0m[2m:[0m discord: Identify sent [3mplugin_id[0m[2m=[0mdiscord
[2m2026-09-24T14:29:56.575367Z[0m [32m INFO[0m [2mhost_caps::ws[0m[2m:[0m >>> text frame [3murl[0m[2m=[0mwss://gateway.discord.gg/?v=10&encoding=json [3mlen[0m[2m=[0m252 [3mpreview[0m[2m=[0m{"d":{"intents":37377,"presence":{"activities":[],"afk":false,"since":null,"status":"online"},"properties":{"browser":"execlaw","device":"execlaw","os":"linux"},"token":"MTU1MTczNzMxMDA1ODY1MTczOQ.GYkJo3.5cUvZUBm5e1rFhG0XTWlsvpk3r6j7-o0ecaRhU"},"op":2}
[2m2026-09-24T14:29:56.923345Z[0m [32m INFO[0m [2mhost_caps::ws[0m[2m:[0m <<< text frame [3murl[0m[2m=[0mwss://gateway.discord.gg/?v=10&encoding=json [3mlen[0m[2m=[0m2131 [3mpreview[0m[2m=[0m{"t":"READY","s":1,"op":0,"d":{"v":10,"user_settings":{},"user":{"verified":true,"username":"Polypus","primary_guild":null,"mfa_enabled":false,"id":"1551737310058651739","global_name":null,"flags":0,"email":null,"discriminator":"4335","clan":null,"bot":true,"avatar":null},"session_type":"normal","session_id":"f9a11e66d8dfbdcf1512e30a5045a3e5","resume_gateway_url":"wss://gateway-us-east1-b.discord.…[+1731 bytes]
[2m2026-09-24T14:29:56.933165Z[0m [32m INFO[0m [2mexeclaw_script::primitives[0m[2m:[0m discord: Ready — bot=Polypus session=f9a11e66d8dfbdcf1512e30a5045a3e5 [3mplugin_id[0m[2m=[0mdiscord
[2m2026-09-24T14:29:58.344856Z[0m [32m INFO[0m [2mhost_caps::ws[0m[2m:[0m >>> text frame [3murl[0m[2m=[0mwss://gateway.discord.gg/?v=10&encoding=json [3mlen[0m[2m=[0m14 [3mpreview[0m[2m=[0m{"op":1,"d":1}
[2m2026-09-24T14:29:58.451244Z[0m [32m INFO[0m [2mhost_caps::ws[0m[2m:[0m <<< text frame [3murl[0m[2m=[0mwss://gateway.discord.gg/?v=10&encoding=json [3mlen[0m[2m=[0m36 [3mpreview[0m[2m=[0m{"t":null,"s":null,"op":11,"d":null}
[2m2026-09-24T14:29:58.835951Z[0m [33m WARN[0m [2mexeclaw_server::events[0m[2m:[0m ws recv error: WebSocket protocol error: Connection reset without closing handshake
[2m2026-09-24T14:29:58.836562Z[0m [33m WARN[0m [2mexeclaw_server::events[0m[2m:[0m ws recv error: WebSocket protocol error: Connection reset without closing handshake
[2m2026-09-24T14:29:58.837092Z[0m [33m WARN[0m [2mexeclaw_server::events[0m[2m:[0m ws recv error: WebSocket protocol error: Connection reset without closing handshake
[2m2026-09-24T18:18:06.699618Z[0m [33m WARN[0m [2mexeclaw_server::sidecar_supervisor[0m[2m:[0m sidecar inspect failed; will recheck next tick [3msidecar[0m[2m=[0msignal-cli [3merror[0m[2m=[0mcontainer runtime: inspect: Timeout error
[2m2026-09-24T18:18:06.700689Z[0m [32m INFO[0m [2mhost_caps::ws[0m[2m:[0m >>> text frame [3murl[0m[2m=[0mwss://gateway.discord.gg/?v=10&encoding=json [3mlen[0m[2m=[0m14 [3mpreview[0m[2m=[0m{"op":1,"d":1}
[2m2026-09-24T18:18:07.103890Z[0m [33m WARN[0m [2mhost_caps::ws[0m[2m:[0m stream error; reconnecting [3murl[0m[2m=[0mwss://gateway.discord.gg/?v=10&encoding=json [3merror[0m[2m=[0mIO error: An existing connection was forcibly closed by the remote host. (os error 10054)
[2m2026-09-24T18:18:08.631234Z[0m [32m INFO[0m [2mhost_caps::ws[0m[2m:[0m connected [3murl[0m[2m=[0mwss://gateway.discord.gg/?v=10&encoding=json
[2m2026-09-24T18:18:08.674371Z[0m [32m INFO[0m [2mhost_caps::ws[0m[2m:[0m <<< text frame [3murl[0m[2m=[0mwss://gateway.discord.gg/?v=10&encoding=json [3mlen[0m[2m=[0m128 [3mpreview[0m[2m=[0m{"t":null,"s":null,"op":10,"d":{"heartbeat_interval":41250,"_trace":["[\"gateway-prd-arm-us-east1-b-4s6h\",{\"micros\":0.0}]"]}}
[2m2026-09-24T18:18:08.687600Z[0m [32m INFO[0m [2mexeclaw_script::primitives[0m[2m:[0m discord: Hello received; heartbeat_interval=41250ms [3mplugin_id[0m[2m=[0mdiscord
[2m2026-09-24T18:18:08.704700Z[0m [32m INFO[0m [2mexeclaw_script::primitives[0m[2m:[0m discord: Identify sent [3mplugin_id[0m[2m=[0mdiscord
[2m2026-09-24T18:18:08.704875Z[0m [32m INFO[0m [2mhost_caps::ws[0m[2m:[0m >>> text frame [3murl[0m[2m=[0mwss://gateway.discord.gg/?v=10&encoding=json [3mlen[0m[2m=[0m252 [3mpreview[0m[2m=[0m{"d":{"intents":37377,"presence":{"activities":[],"afk":false,"since":null,"status":"online"},"properties":{"browser":"execlaw","device":"execlaw","os":"linux"},"token":"MTU1MTczNzMxMDA1ODY1MTczOQ.GYkJo3.5cUvZUBm5e1rFhG0XTWlsvpk3r6j7-o0ecaRhU"},"op":2}
[2m2026-09-24T18:18:09.448127Z[0m [32m INFO[0m [2mhost_caps::ws[0m[2m:[0m <<< text frame [3murl[0m[2m=[0mwss://gateway.discord.gg/?v=10&encoding=json [3mlen[0m[2m=[0m2137 [3mpreview[0m[2m=[0m{"t":"READY","s":1,"op":0,"d":{"v":10,"user_settings":{},"user":{"verified":true,"username":"Polypus","primary_guild":null,"mfa_enabled":false,"id":"1551737310058651739","global_name":null,"flags":0,"email":null,"discriminator":"4335","clan":null,"bot":true,"avatar":null},"session_type":"normal","session_id":"374e7d7eabc5f76af47c6448d00cdc12","resume_gateway_url":"wss://gateway-us-east1-b.discord.…[+1737 bytes]
[2m2026-09-24T18:18:09.562966Z[0m [32m INFO[0m [2mexeclaw_script::primitives[0m[2m:[0m discord: Ready — bot=Polypus session=374e7d7eabc5f76af47c6448d00cdc12 [3mplugin_id[0m[2m=[0mdiscord
[2m2026-09-24T18:18:13.069233Z[0m [33m WARN[0m [2mexeclaw_server::events[0m[2m:[0m ws recv error: WebSocket protocol error: Connection reset without closing handshake
[2m2026-09-24T18:18:44.716909Z[0m [32m INFO[0m [2mhost_caps::ws[0m[2m:[0m >>> text frame [3murl[0m[2m=[0mwss://gateway.discord.gg/?v=10&encoding=json [3mlen[0m[2m=[0m14 [3mpreview[0m[2m=[0m{"op":1,"d":1}
[2m2026-09-24T18:18:45.153614Z[0m [32m INFO[0m [2mhost_caps::ws[0m[2m:[0m <<< text frame [3murl[0m[2m=[0mwss://gateway.discord.gg/?v=10&encoding=json [3mlen[0m[2m=[0m36 [3mpreview[0m[2m=[0m{"t":null,"s":null,"op":11,"d":null}
[2m2026-09-24T18:19:15.441060Z[0m [33m WARN[0m [2mexeclaw_server::events[0m[2m:[0m ws recv error: WebSocket protocol error: Connection reset without closing handshake
[2m2026-09-24T18:19:15.441871Z[0m [33m WARN[0m [2mexeclaw_server::events[0m[2m:[0m ws recv error: WebSocket protocol error: Connection reset without closing handshake
[2m2026-09-24T18:19:15.441878Z[0m [33m WARN[0m [2mexeclaw_server::events[0m[2m:[0m ws recv error: WebSocket protocol error: Connection reset without closing handshake
[2m2026-09-24T18:19:25.988715Z[0m [32m INFO[0m [2mhost_caps::ws[0m[2m:[0m >>> text frame [3murl[0m[2m=[0mwss://gateway.discord.gg/?v=10&encoding=json [3mlen[0m[2m=[0m14 [3mpreview[0m[2m=[0m{"op":1,"d":1}
[2m2026-09-24T18:19:26.100589Z[0m [32m INFO[0m [2mhost_caps::ws[0m[2m:[0m <<< text frame [3murl[0m[2m=[0mwss://gateway.discord.gg/?v=10&encoding=json [3mlen[0m[2m=[0m36 [3mpreview[0m[2m=[0m{"t":null,"s":null,"op":11,"d":null}
[2m2026-09-24T18:20:07.245131Z[0m [32m INFO[0m [2mhost_caps::ws[0m[2m:[0m >>> text frame [3murl[0m[2m=[0mwss://gateway.discord.gg/?v=10&encoding=json [3mlen[0m[2m=[0m14 [3mpreview[0m[2m=[0m{"op":1,"d":1}
[2m2026-09-24T18:20:07.356000Z[0m [32m INFO[0m [2mhost_caps::ws[0m[2m:[0m <<< text frame [3murl[0m[2m=[0mwss://gateway.discord.gg/?v=10&encoding=json [3mlen[0m[2m=[0m36 [3mpreview[0m[2m=[0m{"t":null,"s":null,"op":11,"d":null}
[2m2026-09-24T18:20:20.972010Z[0m [33m WARN[0m [2mexeclaw_server::events[0m[2m:[0m ws recv error: WebSocket protocol error: Connection reset without closing handshake
[2m2026-09-24T18:20:20.973035Z[0m [33m WARN[0m [2mexeclaw_server::events[0m[2m:[0m ws recv error: WebSocket protocol error: Connection reset without closing handshake
[2m2026-09-24T18:20:20.973927Z[0m [33m WARN[0m [2mexeclaw_server::events[0m[2m:[0m ws recv error: WebSocket protocol error: Connection reset without closing handshake
[2m2026-09-24T20:54:03.929624Z[0m [33m WARN[0m [2mexeclaw_server::sidecar_supervisor[0m[2m:[0m sidecar inspect failed; will recheck next tick [3msidecar[0m[2m=[0msignal-cli [3merror[0m[2m=[0mcontainer runtime: inspect: Timeout error
[2m2026-09-24T20:54:03.940246Z[0m [32m INFO[0m [2mhost_caps::ws[0m[2m:[0m >>> text frame [3murl[0m[2m=[0mwss://gateway.discord.gg/?v=10&encoding=json [3mlen[0m[2m=[0m14 [3mpreview[0m[2m=[0m{"op":1,"d":1}
[2m2026-09-24T20:54:04.238758Z[0m [33m WARN[0m [2mhost_caps::ws[0m[2m:[0m stream error; reconnecting [3murl[0m[2m=[0mwss://gateway.discord.gg/?v=10&encoding=json [3merror[0m[2m=[0mIO error: An existing connection was forcibly closed by the remote host. (os error 10054)
[2m2026-09-24T20:54:05.048599Z[0m [32m INFO[0m [2mhost_caps::ws[0m[2m:[0m connected [3murl[0m[2m=[0mwss://gateway.discord.gg/?v=10&encoding=json
[2m2026-09-24T20:54:05.049095Z[0m [32m INFO[0m [2mhost_caps::ws[0m[2m:[0m <<< text frame [3murl[0m[2m=[0mwss://gateway.discord.gg/?v=10&encoding=json [3mlen[0m[2m=[0m128 [3mpreview[0m[2m=[0m{"t":null,"s":null,"op":10,"d":{"heartbeat_interval":41250,"_trace":["[\"gateway-prd-arm-us-east1-b-63gc\",{\"micros\":0.0}]"]}}
[2m2026-09-24T20:54:05.052377Z[0m [32m INFO[0m [2mexeclaw_script::primitives[0m[2m:[0m discord: Hello received; heartbeat_interval=41250ms [3mplugin_id[0m[2m=[0mdiscord
[2m2026-09-24T20:54:05.054798Z[0m [32m INFO[0m [2mexeclaw_script::primitives[0m[2m:[0m discord: Identify sent [3mplugin_id[0m[2m=[0mdiscord
[2m2026-09-24T20:54:05.055357Z[0m [32m INFO[0m [2mhost_caps::ws[0m[2m:[0m >>> text frame [3murl[0m[2m=[0mwss://gateway.discord.gg/?v=10&encoding=json [3mlen[0m[2m=[0m252 [3mpreview[0m[2m=[0m{"d":{"intents":37377,"presence":{"activities":[],"afk":false,"since":null,"status":"online"},"properties":{"browser":"execlaw","device":"execlaw","os":"linux"},"token":"MTU1MTczNzMxMDA1ODY1MTczOQ.GYkJo3.5cUvZUBm5e1rFhG0XTWlsvpk3r6j7-o0ecaRhU"},"op":2}
[2m2026-09-24T20:54:05.330547Z[0m [32m INFO[0m [2mhost_caps::ws[0m[2m:[0m <<< text frame [3murl[0m[2m=[0mwss://gateway.discord.gg/?v=10&encoding=json [3mlen[0m[2m=[0m2136 [3mpreview[0m[2m=[0m{"t":"READY","s":1,"op":0,"d":{"v":10,"user_settings":{},"user":{"verified":true,"username":"Polypus","primary_guild":null,"mfa_enabled":false,"id":"1551737310058651739","global_name":null,"flags":0,"email":null,"discriminator":"4335","clan":null,"bot":true,"avatar":null},"session_type":"normal","session_id":"594010d089aca27d648e1f8f8a047b26","resume_gateway_url":"wss://gateway-us-east1-b.discord.…[+1736 bytes]
[2m2026-09-24T20:54:05.333514Z[0m [32m INFO[0m [2mexeclaw_script::primitives[0m[2m:[0m discord: Ready — bot=Polypus session=594010d089aca27d648e1f8f8a047b26 [3mplugin_id[0m[2m=[0mdiscord
[2m2026-09-24T20:54:14.593749Z[0m [32m INFO[0m [2mhost_caps::ws[0m[2m:[0m >>> text frame [3murl[0m[2m=[0mwss://gateway.discord.gg/?v=10&encoding=json [3mlen[0m[2m=[0m14 [3mpreview[0m[2m=[0m{"op":1,"d":1}
[2m2026-09-24T20:54:14.695126Z[0m [32m INFO[0m [2mhost_caps::ws[0m[2m:[0m <<< text frame [3murl[0m[2m=[0mwss://gateway.discord.gg/?v=10&encoding=json [3mlen[0m[2m=[0m36 [3mpreview[0m[2m=[0m{"t":null,"s":null,"op":11,"d":null}
[2m2026-09-24T20:54:55.874280Z[0m [32m INFO[0m [2mhost_caps::ws[0m[2m:[0m >>> text frame [3murl[0m[2m=[0mwss://gateway.discord.gg/?v=10&encoding=json [3mlen[0m[2m=[0m14 [3mpreview[0m[2m=[0m{"op":1,"d":1}
[2m2026-09-24T20:54:55.976479Z[0m [32m INFO[0m [2mhost_caps::ws[0m[2m:[0m <<< text frame [3murl[0m[2m=[0mwss://gateway.discord.gg/?v=10&encoding=json [3mlen[0m[2m=[0m36 [3mpreview[0m[2m=[0m{"t":null,"s":null,"op":11,"d":null}
[2m2026-09-24T20:55:37.137925Z[0m [32m INFO[0m [2mhost_caps::ws[0m[2m:[0m >>> text frame [3murl[0m[2m=[0mwss://gateway.discord.gg/?v=10&encoding=json [3mlen[0m[2m=[0m14 [3mpreview[0m[2m=[0m{"op":1,"d":1}
[2m2026-09-24T20:55:37.243832Z[0m [32m INFO[0m [2mhost_caps::ws[0m[2m:[0m <<< text frame [3murl[0m[2m=[0mwss://gateway.discord.gg/?v=10&encoding=json [3mlen[0m[2m=[0m36 [3mpreview[0m[2m=[0m{"t":null,"s":null,"op":11,"d":null}
[2m2026-09-24T20:56:10.857507Z[0m [33m WARN[0m [2mexeclaw_server::events[0m[2m:[0m ws recv error: WebSocket protocol error: Connection reset without closing handshake
[2m2026-09-24T20:56:10.858215Z[0m [33m WARN[0m [2mexeclaw_server::events[0m[2m:[0m ws recv error: WebSocket protocol error: Connection reset without closing handshake
[2m2026-09-24T20:56:10.858707Z[0m [33m WARN[0m [2mexeclaw_server::events[0m[2m:[0m ws recv error: WebSocket protocol error: Connection reset without closing handshake
[2m2026-09-24T23:33:55.803657Z[0m [33m WARN[0m [2mexeclaw_server::sidecar_supervisor[0m[2m:[0m sidecar inspect failed; will recheck next tick [3msidecar[0m[2m=[0msignal-cli [3merror[0m[2m=[0mcontainer runtime: inspect: Timeout error
[2m2026-09-24T23:33:55.822033Z[0m [32m INFO[0m [2mhost_caps::ws[0m[2m:[0m >>> text frame [3murl[0m[2m=[0mwss://gateway.discord.gg/?v=10&encoding=json [3mlen[0m[2m=[0m14 [3mpreview[0m[2m=[0m{"op":1,"d":1}
[2m2026-09-24T23:33:55.856409Z[0m [33m WARN[0m [2mhost_caps::ws[0m[2m:[0m stream error; reconnecting [3murl[0m[2m=[0mwss://gateway.discord.gg/?v=10&encoding=json [3merror[0m[2m=[0mIO error: An existing connection was forcibly closed by the remote host. (os error 10054)
[2m2026-09-24T23:33:58.569305Z[0m [32m INFO[0m [2mhost_caps::ws[0m[2m:[0m connected [3murl[0m[2m=[0mwss://gateway.discord.gg/?v=10&encoding=json
[2m2026-09-24T23:33:58.570048Z[0m [32m INFO[0m [2mhost_caps::ws[0m[2m:[0m <<< text frame [3murl[0m[2m=[0mwss://gateway.discord.gg/?v=10&encoding=json [3mlen[0m[2m=[0m128 [3mpreview[0m[2m=[0m{"t":null,"s":null,"op":10,"d":{"heartbeat_interval":41250,"_trace":["[\"gateway-prd-arm-us-east1-d-90js\",{\"micros\":0.0}]"]}}
[2m2026-09-24T23:33:58.572055Z[0m [32m INFO[0m [2mexeclaw_script::primitives[0m[2m:[0m discord: Hello received; heartbeat_interval=41250ms [3mplugin_id[0m[2m=[0mdiscord
[2m2026-09-24T23:33:58.573835Z[0m [32m INFO[0m [2mexeclaw_script::primitives[0m[2m:[0m discord: Identify sent [3mplugin_id[0m[2m=[0mdiscord
[2m2026-09-24T23:33:58.573926Z[0m [32m INFO[0m [2mhost_caps::ws[0m[2m:[0m >>> text frame [3murl[0m[2m=[0mwss://gateway.discord.gg/?v=10&encoding=json [3mlen[0m[2m=[0m252 [3mpreview[0m[2m=[0m{"d":{"intents":37377,"presence":{"activities":[],"afk":false,"since":null,"status":"online"},"properties":{"browser":"execlaw","device":"execlaw","os":"linux"},"token":"MTU1MTczNzMxMDA1ODY1MTczOQ.GYkJo3.5cUvZUBm5e1rFhG0XTWlsvpk3r6j7-o0ecaRhU"},"op":2}
[2m2026-09-24T23:33:59.370206Z[0m [32m INFO[0m [2mhost_caps::ws[0m[2m:[0m <<< text frame [3murl[0m[2m=[0mwss://gateway.discord.gg/?v=10&encoding=json [3mlen[0m[2m=[0m2136 [3mpreview[0m[2m=[0m{"t":"READY","s":1,"op":0,"d":{"v":10,"user_settings":{},"user":{"verified":true,"username":"Polypus","primary_guild":null,"mfa_enabled":false,"id":"1551737310058651739","global_name":null,"flags":0,"email":null,"discriminator":"4335","clan":null,"bot":true,"avatar":null},"session_type":"normal","session_id":"823444f08704a70408afc8947e1bb9a3","resume_gateway_url":"wss://gateway-us-east1-d.discord.…[+1736 bytes]
[2m2026-09-24T23:33:59.376333Z[0m [32m INFO[0m [2mexeclaw_script::primitives[0m[2m:[0m discord: Ready — bot=Polypus session=823444f08704a70408afc8947e1bb9a3 [3mplugin_id[0m[2m=[0mdiscord
[2m2026-09-24T23:33:59.781747Z[0m [33m WARN[0m [2mexeclaw_server::events[0m[2m:[0m ws recv error: WebSocket protocol error: Connection reset without closing handshake
[2m2026-09-24T23:33:59.781761Z[0m [33m WARN[0m [2mexeclaw_server::events[0m[2m:[0m ws recv error: WebSocket protocol error: Connection reset without closing handshake
[2m2026-09-24T23:33:59.781875Z[0m [33m WARN[0m [2mexeclaw_server::events[0m[2m:[0m ws recv error: WebSocket protocol error: Connection reset without closing handshake
[2m2026-09-25T00:12:45.964864Z[0m [33m WARN[0m [2mhost_caps::ws[0m[2m:[0m stream error; reconnecting [3murl[0m[2m=[0mwss://gateway.discord.gg/?v=10&encoding=json [3merror[0m[2m=[0mIO error: An existing connection was forcibly closed by the remote host. (os error 10054)
[2m2026-09-25T00:12:45.966074Z[0m [33m WARN[0m [2mexeclaw_server::sidecar_supervisor[0m[2m:[0m sidecar inspect failed; will recheck next tick [3msidecar[0m[2m=[0msignal-cli [3merror[0m[2m=[0mcontainer runtime: inspect: Timeout error
[2m2026-09-25T00:12:46.656615Z[0m [33m WARN[0m [2mhost_caps::ws[0m[2m:[0m connect failed; backing off [3murl[0m[2m=[0mwss://gateway.discord.gg/?v=10&encoding=json [3merror[0m[2m=[0mIO error: No such host is known. (os error 11001)
[2m2026-09-25T00:12:47.690799Z[0m [33m WARN[0m [2mhost_caps::ws[0m[2m:[0m connect failed; backing off [3murl[0m[2m=[0mwss://gateway.discord.gg/?v=10&encoding=json [3merror[0m[2m=[0mIO error: No such host is known. (os error 11001)
[2m2026-09-25T00:12:49.701482Z[0m [33m WARN[0m [2mhost_caps::ws[0m[2m:[0m connect failed; backing off [3murl[0m[2m=[0mwss://gateway.discord.gg/?v=10&encoding=json [3merror[0m[2m=[0mIO error: No such host is known. (os error 11001)
[2m2026-09-25T00:12:50.916404Z[0m [33m WARN[0m [2mexeclaw_server::events[0m[2m:[0m ws recv error: WebSocket protocol error: Connection reset without closing handshake
[2m2026-09-25T00:12:50.917649Z[0m [33m WARN[0m [2mexeclaw_server::events[0m[2m:[0m ws recv error: WebSocket protocol error: Connection reset without closing handshake
[2m2026-09-25T00:12:50.918387Z[0m [33m WARN[0m [2mexeclaw_server::events[0m[2m:[0m ws recv error: WebSocket protocol error: Connection reset without closing handshake
[2m2026-09-25T00:12:53.709274Z[0m [33m WARN[0m [2mhost_caps::ws[0m[2m:[0m connect failed; backing off [3murl[0m[2m=[0mwss://gateway.discord.gg/?v=10&encoding=json [3merror[0m[2m=[0mIO error: No such host is known. (os error 11001)
[2m2026-09-25T23:10:15.253588Z[0m [33m WARN[0m [2mexeclaw_server::sidecar_supervisor[0m[2m:[0m sidecar inspect failed; will recheck next tick [3msidecar[0m[2m=[0msignal-cli [3merror[0m[2m=[0mcontainer runtime: inspect: Timeout error
[2m2026-09-25T23:10:15.476206Z[0m [33m WARN[0m [2mhost_caps::ws[0m[2m:[0m connect failed; backing off [3murl[0m[2m=[0mwss://gateway.discord.gg/?v=10&encoding=json [3merror[0m[2m=[0mIO error: No such host is known. (os error 11001)
[2m2026-09-25T23:10:33.674075Z[0m [32m INFO[0m [2mhost_caps::ws[0m[2m:[0m connected [3murl[0m[2m=[0mwss://gateway.discord.gg/?v=10&encoding=json
[2m2026-09-25T23:10:33.674727Z[0m [32m INFO[0m [2mhost_caps::ws[0m[2m:[0m <<< text frame [3murl[0m[2m=[0mwss://gateway.discord.gg/?v=10&encoding=json [3mlen[0m[2m=[0m128 [3mpreview[0m[2m=[0m{"t":null,"s":null,"op":10,"d":{"heartbeat_interval":41250,"_trace":["[\"gateway-prd-arm-us-east1-c-3kjf\",{\"micros\":0.0}]"]}}
[2m2026-09-25T23:10:33.675702Z[0m [32m INFO[0m [2mexeclaw_script::primitives[0m[2m:[0m discord: Hello received; heartbeat_interval=41250ms [3mplugin_id[0m[2m=[0mdiscord
[2m2026-09-25T23:10:33.676664Z[0m [32m INFO[0m [2mexeclaw_script::primitives[0m[2m:[0m discord: Identify sent [3mplugin_id[0m[2m=[0mdiscord
[2m2026-09-25T23:10:33.676713Z[0m [32m INFO[0m [2mhost_caps::ws[0m[2m:[0m >>> text frame [3murl[0m[2m=[0mwss://gateway.discord.gg/?v=10&encoding=json [3mlen[0m[2m=[0m252 [3mpreview[0m[2m=[0m{"d":{"intents":37377,"presence":{"activities":[],"afk":false,"since":null,"status":"online"},"properties":{"browser":"execlaw","device":"execlaw","os":"linux"},"token":"MTU1MTczNzMxMDA1ODY1MTczOQ.GYkJo3.5cUvZUBm5e1rFhG0XTWlsvpk3r6j7-o0ecaRhU"},"op":2}
[2m2026-09-25T23:10:34.574206Z[0m [32m INFO[0m [2mhost_caps::ws[0m[2m:[0m <<< text frame [3murl[0m[2m=[0mwss://gateway.discord.gg/?v=10&encoding=json [3mlen[0m[2m=[0m2139 [3mpreview[0m[2m=[0m{"t":"READY","s":1,"op":0,"d":{"v":10,"user_settings":{},"user":{"verified":true,"username":"Polypus","primary_guild":null,"mfa_enabled":false,"id":"1551737310058651739","global_name":null,"flags":0,"email":null,"discriminator":"4335","clan":null,"bot":true,"avatar":null},"session_type":"normal","session_id":"c377f7cc78c0458dc7968c702b877403","resume_gateway_url":"wss://gateway-us-east1-c.discord.…[+1739 bytes]
[2m2026-09-25T23:10:34.577409Z[0m [32m INFO[0m [2mexeclaw_script::primitives[0m[2m:[0m discord: Ready — bot=Polypus session=c377f7cc78c0458dc7968c702b877403 [3mplugin_id[0m[2m=[0mdiscord
[2m2026-09-25T23:10:58.586553Z[0m [32m INFO[0m [2mhost_caps::ws[0m[2m:[0m >>> text frame [3murl[0m[2m=[0mwss://gateway.discord.gg/?v=10&encoding=json [3mlen[0m[2m=[0m14 [3mpreview[0m[2m=[0m{"op":1,"d":1}
[2m2026-09-25T23:10:58.692784Z[0m [32m INFO[0m [2mhost_caps::ws[0m[2m:[0m <<< text frame [3murl[0m[2m=[0mwss://gateway.discord.gg/?v=10&encoding=json [3mlen[0m[2m=[0m36 [3mpreview[0m[2m=[0m{"t":null,"s":null,"op":11,"d":null}
[2m2026-09-25T23:11:39.860169Z[0m [32m INFO[0m [2mhost_caps::ws[0m[2m:[0m >>> text frame [3murl[0m[2m=[0mwss://gateway.discord.gg/?v=10&encoding=json [3mlen[0m[2m=[0m14 [3mpreview[0m[2m=[0m{"op":1,"d":1}
[2m2026-09-25T23:11:39.965070Z[0m [32m INFO[0m [2mhost_caps::ws[0m[2m:[0m <<< text frame [3murl[0m[2m=[0mwss://gateway.discord.gg/?v=10&encoding=json [3mlen[0m[2m=[0m36 [3mpreview[0m[2m=[0m{"t":null,"s":null,"op":11,"d":null}
[2m2026-09-25T23:12:21.115286Z[0m [32m INFO[0m [2mhost_caps::ws[0m[2m:[0m >>> text frame [3murl[0m[2m=[0mwss://gateway.discord.gg/?v=10&encoding=json [3mlen[0m[2m=[0m14 [3mpreview[0m[2m=[0m{"op":1,"d":1}
[2m2026-09-25T23:12:21.218850Z[0m [32m INFO[0m [2mhost_caps::ws[0m[2m:[0m <<< text frame [3murl[0m[2m=[0mwss://gateway.discord.gg/?v=10&encoding=json [3mlen[0m[2m=[0m36 [3mpreview[0m[2m=[0m{"t":null,"s":null,"op":11,"d":null}
[2m2026-09-25T23:12:49.291440Z[0m [33m WARN[0m [2mexeclaw_server::events[0m[2m:[0m ws recv error: WebSocket protocol error: Connection reset without closing handshake
[2m2026-09-25T23:12:49.291736Z[0m [33m WARN[0m [2mexeclaw_server::events[0m[2m:[0m ws recv error: WebSocket protocol error: Connection reset without closing handshake
[2m2026-09-25T23:12:49.292621Z[0m [33m WARN[0m [2mexeclaw_server::events[0m[2m:[0m ws recv error: WebSocket protocol error: Connection reset without closing handshake
[2m2026-09-25T23:13:02.377503Z[0m [32m INFO[0m [2mhost_caps::ws[0m[2m:[0m >>> text frame [3murl[0m[2m=[0mwss://gateway.discord.gg/?v=10&encoding=json [3mlen[0m[2m=[0m14 [3mpreview[0m[2m=[0m{"op":1,"d":1}
[2m2026-09-25T23:13:02.479875Z[0m [32m INFO[0m [2mhost_caps::ws[0m[2m:[0m <<< text frame [3murl[0m[2m=[0mwss://gateway.discord.gg/?v=10&encoding=json [3mlen[0m[2m=[0m36 [3mpreview[0m[2m=[0m{"t":null,"s":null,"op":11,"d":null}
[2m2026-09-25T23:13:43.631541Z[0m [32m INFO[0m [2mhost_caps::ws[0m[2m:[0m >>> text frame [3murl[0m[2m=[0mwss://gateway.discord.gg/?v=10&encoding=json [3mlen[0m[2m=[0m14 [3mpreview[0m[2m=[0m{"op":1,"d":1}
[2m2026-09-25T23:13:43.732931Z[0m [32m INFO[0m [2mhost_caps::ws[0m[2m:[0m <<< text frame [3murl[0m[2m=[0mwss://gateway.discord.gg/?v=10&encoding=json [3mlen[0m[2m=[0m36 [3mpreview[0m[2m=[0m{"t":null,"s":null,"op":11,"d":null}
[2m2026-09-25T23:13:54.329405Z[0m [33m WARN[0m [2mexeclaw_server::events[0m[2m:[0m ws recv error: WebSocket protocol error: Connection reset without closing handshake
[2m2026-09-25T23:13:54.330141Z[0m [33m WARN[0m [2mexeclaw_server::events[0m[2m:[0m ws recv error: WebSocket protocol error: Connection reset without closing handshake
[2m2026-09-25T23:13:54.330665Z[0m [33m WARN[0m [2mexeclaw_server::events[0m[2m:[0m ws recv error: WebSocket protocol error: Connection reset without closing handshake
[2m2026-09-26T04:46:37.216062Z[0m [33m WARN[0m [2mexeclaw_server::sidecar_supervisor[0m[2m:[0m sidecar inspect failed; will recheck next tick [3msidecar[0m[2m=[0mwuzapi [3merror[0m[2m=[0mcontainer runtime: inspect: Timeout error
[2m2026-09-26T04:46:37.217490Z[0m [32m INFO[0m [2mhost_caps::ws[0m[2m:[0m >>> text frame [3murl[0m[2m=[0mwss://gateway.discord.gg/?v=10&encoding=json [3mlen[0m[2m=[0m14 [3mpreview[0m[2m=[0m{"op":1,"d":1}
[2m2026-09-26T04:46:37.224036Z[0m [33m WARN[0m [2mhost_caps::ws[0m[2m:[0m stream error; reconnecting [3murl[0m[2m=[0mwss://gateway.discord.gg/?v=10&encoding=json [3merror[0m[2m=[0mIO error: An existing connection was forcibly closed by the remote host. (os error 10054)
[2m2026-09-26T04:46:38.264598Z[0m [32m INFO[0m [2mhost_caps::ws[0m[2m:[0m connected [3murl[0m[2m=[0mwss://gateway.discord.gg/?v=10&encoding=json
[2m2026-09-26T04:46:38.265012Z[0m [32m INFO[0m [2mhost_caps::ws[0m[2m:[0m <<< text frame [3murl[0m[2m=[0mwss://gateway.discord.gg/?v=10&encoding=json [3mlen[0m[2m=[0m128 [3mpreview[0m[2m=[0m{"t":null,"s":null,"op":10,"d":{"heartbeat_interval":41250,"_trace":["[\"gateway-prd-arm-us-east1-c-f1jz\",{\"micros\":0.0}]"]}}
[2m2026-09-26T04:46:38.265810Z[0m [32m INFO[0m [2mexeclaw_script::primitives[0m[2m:[0m discord: Hello received; heartbeat_interval=41250ms [3mplugin_id[0m[2m=[0mdiscord
[2m2026-09-26T04:46:38.266797Z[0m [32m INFO[0m [2mexeclaw_script::primitives[0m[2m:[0m discord: Identify sent [3mplugin_id[0m[2m=[0mdiscord
[2m2026-09-26T04:46:38.266932Z[0m [32m INFO[0m [2mhost_caps::ws[0m[2m:[0m >>> text frame [3murl[0m[2m=[0mwss://gateway.discord.gg/?v=10&encoding=json [3mlen[0m[2m=[0m252 [3mpreview[0m[2m=[0m{"d":{"intents":37377,"presence":{"activities":[],"afk":false,"since":null,"status":"online"},"properties":{"browser":"execlaw","device":"execlaw","os":"linux"},"token":"MTU1MTczNzMxMDA1ODY1MTczOQ.GYkJo3.5cUvZUBm5e1rFhG0XTWlsvpk3r6j7-o0ecaRhU"},"op":2}
[2m2026-09-26T04:46:38.619899Z[0m [32m INFO[0m [2mhost_caps::ws[0m[2m:[0m <<< text frame [3murl[0m[2m=[0mwss://gateway.discord.gg/?v=10&encoding=json [3mlen[0m[2m=[0m2137 [3mpreview[0m[2m=[0m{"t":"READY","s":1,"op":0,"d":{"v":10,"user_settings":{},"user":{"verified":true,"username":"Polypus","primary_guild":null,"mfa_enabled":false,"id":"1551737310058651739","global_name":null,"flags":0,"email":null,"discriminator":"4335","clan":null,"bot":true,"avatar":null},"session_type":"normal","session_id":"34beb2fa0c8436bea36541cb32fe0129","resume_gateway_url":"wss://gateway-us-east1-c.discord.…[+1737 bytes]
[2m2026-09-26T04:46:38.624197Z[0m [32m INFO[0m [2mexeclaw_script::primitives[0m[2m:[0m discord: Ready — bot=Polypus session=34beb2fa0c8436bea36541cb32fe0129 [3mplugin_id[0m[2m=[0mdiscord
[2m2026-09-26T04:46:42.291013Z[0m [32m INFO[0m [2mexeclaw_server::sidecar_supervisor[0m[2m:[0m sidecar healthy via RPC probe (no Docker HEALTHCHECK) [3msidecar[0m[2m=[0msignal-cli
[2m2026-09-26T10:07:38.570373Z[0m [33m WARN[0m [2mhost_caps::ws[0m[2m:[0m <<< close frame; reconnecting [3murl[0m[2m=[0mwss://gateway.discord.gg/?v=10&encoding=json [3mclose_code[0m[2m=[0m1000 [3mclose_reason[0m[2m=[0m
[2m2026-09-26T10:07:38.572400Z[0m [33m WARN[0m [2mexeclaw_server::sidecar_supervisor[0m[2m:[0m sidecar inspect failed; will recheck next tick [3msidecar[0m[2m=[0msignal-cli [3merror[0m[2m=[0mcontainer runtime: inspect: Timeout error
[2m2026-09-26T10:07:40.861886Z[0m [32m INFO[0m [2mhost_caps::ws[0m[2m:[0m connected [3murl[0m[2m=[0mwss://gateway.discord.gg/?v=10&encoding=json
[2m2026-09-26T10:07:40.862508Z[0m [32m INFO[0m [2mhost_caps::ws[0m[2m:[0m <<< text frame [3murl[0m[2m=[0mwss://gateway.discord.gg/?v=10&encoding=json [3mlen[0m[2m=[0m128 [3mpreview[0m[2m=[0m{"t":null,"s":null,"op":10,"d":{"heartbeat_interval":41250,"_trace":["[\"gateway-prd-arm-us-east1-d-q3nc\",{\"micros\":0.0}]"]}}
[2m2026-09-26T10:07:40.863658Z[0m [32m INFO[0m [2mexeclaw_script::primitives[0m[2m:[0m discord: Hello received; heartbeat_interval=41250ms [3mplugin_id[0m[2m=[0mdiscord
[2m2026-09-26T10:07:40.865019Z[0m [32m INFO[0m [2mexeclaw_script::primitives[0m[2m:[0m discord: Identify sent [3mplugin_id[0m[2m=[0mdiscord
[2m2026-09-26T10:07:40.865105Z[0m [32m INFO[0m [2mhost_caps::ws[0m[2m:[0m >>> text frame [3murl[0m[2m=[0mwss://gateway.discord.gg/?v=10&encoding=json [3mlen[0m[2m=[0m252 [3mpreview[0m[2m=[0m{"d":{"intents":37377,"presence":{"activities":[],"afk":false,"since":null,"status":"online"},"properties":{"browser":"execlaw","device":"execlaw","os":"linux"},"token":"MTU1MTczNzMxMDA1ODY1MTczOQ.GYkJo3.5cUvZUBm5e1rFhG0XTWlsvpk3r6j7-o0ecaRhU"},"op":2}
[2m2026-09-26T10:07:42.605315Z[0m [32m INFO[0m [2mhost_caps::ws[0m[2m:[0m <<< text frame [3murl[0m[2m=[0mwss://gateway.discord.gg/?v=10&encoding=json [3mlen[0m[2m=[0m2137 [3mpreview[0m[2m=[0m{"t":"READY","s":1,"op":0,"d":{"v":10,"user_settings":{},"user":{"verified":true,"username":"Polypus","primary_guild":null,"mfa_enabled":false,"id":"1551737310058651739","global_name":null,"flags":0,"email":null,"discriminator":"4335","clan":null,"bot":true,"avatar":null},"session_type":"normal","session_id":"21dda868a5a2b9a240565a3e803275cc","resume_gateway_url":"wss://gateway-us-east1-d.discord.…[+1737 bytes]
[2m2026-09-26T10:07:42.608670Z[0m [32m INFO[0m [2mexeclaw_script::primitives[0m[2m:[0m discord: Ready — bot=Polypus session=21dda868a5a2b9a240565a3e803275cc [3mplugin_id[0m[2m=[0mdiscord
[2m2026-09-26T18:37:42.291864Z[0m [33m WARN[0m [2mexeclaw_server::sidecar_supervisor[0m[2m:[0m sidecar inspect failed; will recheck next tick [3msidecar[0m[2m=[0msignal-cli [3merror[0m[2m=[0mcontainer runtime: inspect: Timeout error
[2m2026-09-26T18:37:42.313916Z[0m [32m INFO[0m [2mhost_caps::ws[0m[2m:[0m >>> text frame [3murl[0m[2m=[0mwss://gateway.discord.gg/?v=10&encoding=json [3mlen[0m[2m=[0m14 [3mpreview[0m[2m=[0m{"op":1,"d":1}
[2m2026-09-26T18:38:04.925398Z[0m [33m WARN[0m [2mhost_caps::ws[0m[2m:[0m stream error; reconnecting [3murl[0m[2m=[0mwss://gateway.discord.gg/?v=10&encoding=json [3merror[0m[2m=[0mIO error: An existing connection was forcibly closed by the remote host. (os error 10054)
[2m2026-09-26T18:38:05.696866Z[0m [32m INFO[0m [2mhost_caps::ws[0m[2m:[0m connected [3murl[0m[2m=[0mwss://gateway.discord.gg/?v=10&encoding=json
[2m2026-09-26T18:38:05.697508Z[0m [32m INFO[0m [2mhost_caps::ws[0m[2m:[0m <<< text frame [3murl[0m[2m=[0mwss://gateway.discord.gg/?v=10&encoding=json [3mlen[0m[2m=[0m128 [3mpreview[0m[2m=[0m{"t":null,"s":null,"op":10,"d":{"heartbeat_interval":41250,"_trace":["[\"gateway-prd-arm-us-east1-c-8mt9\",{\"micros\":0.0}]"]}}
[2m2026-09-26T18:38:05.698187Z[0m [32m INFO[0m [2mexeclaw_script::primitives[0m[2m:[0m discord: Hello received; heartbeat_interval=41250ms [3mplugin_id[0m[2m=[0mdiscord
[2m2026-09-26T18:38:05.699020Z[0m [32m INFO[0m [2mexeclaw_script::primitives[0m[2m:[0m discord: Identify sent [3mplugin_id[0m[2m=[0mdiscord
[2m2026-09-26T18:38:05.699776Z[0m [32m INFO[0m [2mhost_caps::ws[0m[2m:[0m >>> text frame [3murl[0m[2m=[0mwss://gateway.discord.gg/?v=10&encoding=json [3mlen[0m[2m=[0m252 [3mpreview[0m[2m=[0m{"d":{"intents":37377,"presence":{"activities":[],"afk":false,"since":null,"status":"online"},"properties":{"browser":"execlaw","device":"execlaw","os":"linux"},"token":"MTU1MTczNzMxMDA1ODY1MTczOQ.GYkJo3.5cUvZUBm5e1rFhG0XTWlsvpk3r6j7-o0ecaRhU"},"op":2}
[2m2026-09-26T18:38:06.347715Z[0m [32m INFO[0m [2mhost_caps::ws[0m[2m:[0m <<< text frame [3murl[0m[2m=[0mwss://gateway.discord.gg/?v=10&encoding=json [3mlen[0m[2m=[0m2137 [3mpreview[0m[2m=[0m{"t":"READY","s":1,"op":0,"d":{"v":10,"user_settings":{},"user":{"verified":true,"username":"Polypus","primary_guild":null,"mfa_enabled":false,"id":"1551737310058651739","global_name":null,"flags":0,"email":null,"discriminator":"4335","clan":null,"bot":true,"avatar":null},"session_type":"normal","session_id":"cc0b33b49bb319d6b642af1c8b98f4d7","resume_gateway_url":"wss://gateway-us-east1-c.discord.…[+1737 bytes]
[2m2026-09-26T18:38:06.350347Z[0m [32m INFO[0m [2mexeclaw_script::primitives[0m[2m:[0m discord: Ready — bot=Polypus session=cc0b33b49bb319d6b642af1c8b98f4d7 [3mplugin_id[0m[2m=[0mdiscord
[2m2026-09-26T18:38:21.972502Z[0m [32m INFO[0m [2mhost_caps::ws[0m[2m:[0m >>> text frame [3murl[0m[2m=[0mwss://gateway.discord.gg/?v=10&encoding=json [3mlen[0m[2m=[0m14 [3mpreview[0m[2m=[0m{"op":1,"d":1}
[2m2026-09-26T18:38:22.070897Z[0m [32m INFO[0m [2mhost_caps::ws[0m[2m:[0m <<< text frame [3murl[0m[2m=[0mwss://gateway.discord.gg/?v=10&encoding=json [3mlen[0m[2m=[0m36 [3mpreview[0m[2m=[0m{"t":null,"s":null,"op":11,"d":null}
[2m2026-09-26T18:39:03.237805Z[0m [32m INFO[0m [2mhost_caps::ws[0m[2m:[0m >>> text frame [3murl[0m[2m=[0mwss://gateway.discord.gg/?v=10&encoding=json [3mlen[0m[2m=[0m14 [3mpreview[0m[2m=[0m{"op":1,"d":1}
[2m2026-09-26T18:39:03.337891Z[0m [32m INFO[0m [2mhost_caps::ws[0m[2m:[0m <<< text frame [3murl[0m[2m=[0mwss://gateway.discord.gg/?v=10&encoding=json [3mlen[0m[2m=[0m36 [3mpreview[0m[2m=[0m{"t":null,"s":null,"op":11,"d":null}
[2m2026-09-26T18:39:44.492038Z[0m [32m INFO[0m [2mhost_caps::ws[0m[2m:[0m >>> text frame [3murl[0m[2m=[0mwss://gateway.discord.gg/?v=10&encoding=json [3mlen[0m[2m=[0m14 [3mpreview[0m[2m=[0m{"op":1,"d":1}
[2m2026-09-26T18:39:44.593264Z[0m [32m INFO[0m [2mhost_caps::ws[0m[2m:[0m <<< text frame [3murl[0m[2m=[0mwss://gateway.discord.gg/?v=10&encoding=json [3mlen[0m[2m=[0m36 [3mpreview[0m[2m=[0m{"t":null,"s":null,"op":11,"d":null}
[2m2026-09-26T18:40:25.751821Z[0m [32m INFO[0m [2mhost_caps::ws[0m[2m:[0m >>> text frame [3murl[0m[2m=[0mwss://gateway.discord.gg/?v=10&encoding=json [3mlen[0m[2m=[0m14 [3mpreview[0m[2m=[0m{"op":1,"d":1}
[2m2026-09-26T18:40:25.850501Z[0m [32m INFO[0m [2mhost_caps::ws[0m[2m:[0m <<< text frame [3murl[0m[2m=[0mwss://gateway.discord.gg/?v=10&encoding=json [3mlen[0m[2m=[0m36 [3mpreview[0m[2m=[0m{"t":null,"s":null,"op":11,"d":null}
[2m2026-09-26T18:41:07.012567Z[0m [32m INFO[0m [2mhost_caps::ws[0m[2m:[0m >>> text frame [3murl[0m[2m=[0mwss://gateway.discord.gg/?v=10&encoding=json [3mlen[0m[2m=[0m14 [3mpreview[0m[2m=[0m{"op":1,"d":1}
[2m2026-09-26T18:41:07.111751Z[0m [32m INFO[0m [2mhost_caps::ws[0m[2m:[0m <<< text frame [3murl[0m[2m=[0mwss://gateway.discord.gg/?v=10&encoding=json [3mlen[0m[2m=[0m36 [3mpreview[0m[2m=[0m{"t":null,"s":null,"op":11,"d":null}
[2m2026-09-26T18:41:48.273417Z[0m [32m INFO[0m [2mhost_caps::ws[0m[2m:[0m >>> text frame [3murl[0m[2m=[0mwss://gateway.discord.gg/?v=10&encoding=json [3mlen[0m[2m=[0m14 [3mpreview[0m[2m=[0m{"op":1,"d":1}
[2m2026-09-26T18:41:48.376128Z[0m [32m INFO[0m [2mhost_caps::ws[0m[2m:[0m <<< text frame [3murl[0m[2m=[0mwss://gateway.discord.gg/?v=10&encoding=json [3mlen[0m[2m=[0m36 [3mpreview[0m[2m=[0m{"t":null,"s":null,"op":11,"d":null}
[2m2026-09-26T21:43:09.145212Z[0m [32m INFO[0m [2mhost_caps::ws[0m[2m:[0m >>> text frame [3murl[0m[2m=[0mwss://gateway.discord.gg/?v=10&encoding=json [3mlen[0m[2m=[0m14 [3mpreview[0m[2m=[0m{"op":1,"d":1}
[2m2026-09-26T21:43:09.153325Z[0m [33m WARN[0m [2mhost_caps::ws[0m[2m:[0m stream error; reconnecting [3murl[0m[2m=[0mwss://gateway.discord.gg/?v=10&encoding=json [3merror[0m[2m=[0mIO error: An existing connection was forcibly closed by the remote host. (os error 10054)
[2m2026-09-26T21:43:11.865092Z[0m [32m INFO[0m [2mhost_caps::ws[0m[2m:[0m connected [3murl[0m[2m=[0mwss://gateway.discord.gg/?v=10&encoding=json
[2m2026-09-26T21:43:12.044153Z[0m [32m INFO[0m [2mhost_caps::ws[0m[2m:[0m <<< text frame [3murl[0m[2m=[0mwss://gateway.discord.gg/?v=10&encoding=json [3mlen[0m[2m=[0m128 [3mpreview[0m[2m=[0m{"t":null,"s":null,"op":10,"d":{"heartbeat_interval":41250,"_trace":["[\"gateway-prd-arm-us-east1-d-74dx\",{\"micros\":0.0}]"]}}
[2m2026-09-26T21:43:12.048037Z[0m [32m INFO[0m [2mexeclaw_script::primitives[0m[2m:[0m discord: Hello received; heartbeat_interval=41250ms [3mplugin_id[0m[2m=[0mdiscord
[2m2026-09-26T21:43:12.050026Z[0m [32m INFO[0m [2mexeclaw_script::primitives[0m[2m:[0m discord: Identify sent [3mplugin_id[0m[2m=[0mdiscord
[2m2026-09-26T21:43:12.050547Z[0m [32m INFO[0m [2mhost_caps::ws[0m[2m:[0m >>> text frame [3murl[0m[2m=[0mwss://gateway.discord.gg/?v=10&encoding=json [3mlen[0m[2m=[0m252 [3mpreview[0m[2m=[0m{"d":{"intents":37377,"presence":{"activities":[],"afk":false,"since":null,"status":"online"},"properties":{"browser":"execlaw","device":"execlaw","os":"linux"},"token":"MTU1MTczNzMxMDA1ODY1MTczOQ.GYkJo3.5cUvZUBm5e1rFhG0XTWlsvpk3r6j7-o0ecaRhU"},"op":2}
[2m2026-09-26T21:43:12.758580Z[0m [32m INFO[0m [2mhost_caps::ws[0m[2m:[0m <<< text frame [3murl[0m[2m=[0mwss://gateway.discord.gg/?v=10&encoding=json [3mlen[0m[2m=[0m2135 [3mpreview[0m[2m=[0m{"t":"READY","s":1,"op":0,"d":{"v":10,"user_settings":{},"user":{"verified":true,"username":"Polypus","primary_guild":null,"mfa_enabled":false,"id":"1551737310058651739","global_name":null,"flags":0,"email":null,"discriminator":"4335","clan":null,"bot":true,"avatar":null},"session_type":"normal","session_id":"5e0b4d3a25be6eab0ab56ed11079e958","resume_gateway_url":"wss://gateway-us-east1-d.discord.…[+1735 bytes]
[2m2026-09-26T21:43:12.764032Z[0m [32m INFO[0m [2mexeclaw_script::primitives[0m[2m:[0m discord: Ready — bot=Polypus session=5e0b4d3a25be6eab0ab56ed11079e958 [3mplugin_id[0m[2m=[0mdiscord
[2m2026-09-26T21:52:26.794529Z[0m [33m WARN[0m [2mhost_caps::ws[0m[2m:[0m stream error; reconnecting [3murl[0m[2m=[0mwss://gateway.discord.gg/?v=10&encoding=json [3merror[0m[2m=[0mIO error: An existing connection was forcibly closed by the remote host. (os error 10054)
[2m2026-09-26T21:52:27.336075Z[0m [33m WARN[0m [2mhost_caps::ws[0m[2m:[0m connect failed; backing off [3murl[0m[2m=[0mwss://gateway.discord.gg/?v=10&encoding=json [3merror[0m[2m=[0mIO error: No such host is known. (os error 11001)
[2m2026-09-26T21:52:28.511514Z[0m [33m WARN[0m [2mhost_caps::ws[0m[2m:[0m connect failed; backing off [3murl[0m[2m=[0mwss://gateway.discord.gg/?v=10&encoding=json [3merror[0m[2m=[0mIO error: No such host is known. (os error 11001)
[2m2026-09-26T21:52:30.520739Z[0m [33m WARN[0m [2mhost_caps::ws[0m[2m:[0m connect failed; backing off [3murl[0m[2m=[0mwss://gateway.discord.gg/?v=10&encoding=json [3merror[0m[2m=[0mIO error: No such host is known. (os error 11001)
[2m2026-09-26T22:45:49.175688Z[0m [33m WARN[0m [2mhost_caps::ws[0m[2m:[0m connect failed; backing off [3murl[0m[2m=[0mwss://gateway.discord.gg/?v=10&encoding=json [3merror[0m[2m=[0mIO error: No such host is known. (os error 11001)
[2m2026-09-26T22:45:58.714571Z[0m [32m INFO[0m [2mhost_caps::ws[0m[2m:[0m connected [3murl[0m[2m=[0mwss://gateway.discord.gg/?v=10&encoding=json
[2m2026-09-26T22:45:58.715174Z[0m [32m INFO[0m [2mhost_caps::ws[0m[2m:[0m <<< text frame [3murl[0m[2m=[0mwss://gateway.discord.gg/?v=10&encoding=json [3mlen[0m[2m=[0m128 [3mpreview[0m[2m=[0m{"t":null,"s":null,"op":10,"d":{"heartbeat_interval":41250,"_trace":["[\"gateway-prd-arm-us-east1-d-lxt5\",{\"micros\":0.0}]"]}}
[2m2026-09-26T22:45:58.716372Z[0m [32m INFO[0m [2mexeclaw_script::primitives[0m[2m:[0m discord: Hello received; heartbeat_interval=41250ms [3mplugin_id[0m[2m=[0mdiscord
[2m2026-09-26T22:45:58.720096Z[0m [32m INFO[0m [2mhost_caps::ws[0m[2m:[0m >>> text frame [3murl[0m[2m=[0mwss://gateway.discord.gg/?v=10&encoding=json [3mlen[0m[2m=[0m252 [3mpreview[0m[2m=[0m{"d":{"intents":37377,"presence":{"activities":[],"afk":false,"since":null,"status":"online"},"properties":{"browser":"execlaw","device":"execlaw","os":"linux"},"token":"MTU1MTczNzMxMDA1ODY1MTczOQ.GYkJo3.5cUvZUBm5e1rFhG0XTWlsvpk3r6j7-o0ecaRhU"},"op":2}
[2m2026-09-26T22:45:58.720118Z[0m [32m INFO[0m [2mexeclaw_script::primitives[0m[2m:[0m discord: Identify sent [3mplugin_id[0m[2m=[0mdiscord
[2m2026-09-26T22:45:59.064096Z[0m [32m INFO[0m [2mhost_caps::ws[0m[2m:[0m <<< text frame [3murl[0m[2m=[0mwss://gateway.discord.gg/?v=10&encoding=json [3mlen[0m[2m=[0m2133 [3mpreview[0m[2m=[0m{"t":"READY","s":1,"op":0,"d":{"v":10,"user_settings":{},"user":{"verified":true,"username":"Polypus","primary_guild":null,"mfa_enabled":false,"id":"1551737310058651739","global_name":null,"flags":0,"email":null,"discriminator":"4335","clan":null,"bot":true,"avatar":null},"session_type":"normal","session_id":"5f30653daacc685ba4d58e6cd3002e51","resume_gateway_url":"wss://gateway-us-east1-d.discord.…[+1733 bytes]
[2m2026-09-26T22:45:59.067386Z[0m [32m INFO[0m [2mexeclaw_script::primitives[0m[2m:[0m discord: Ready — bot=Polypus session=5f30653daacc685ba4d58e6cd3002e51 [3mplugin_id[0m[2m=[0mdiscord
[2m2026-09-26T22:46:30.423736Z[0m [32m INFO[0m [2mhost_caps::ws[0m[2m:[0m >>> text frame [3murl[0m[2m=[0mwss://gateway.discord.gg/?v=10&encoding=json [3mlen[0m[2m=[0m14 [3mpreview[0m[2m=[0m{"op":1,"d":1}
[2m2026-09-26T22:46:30.527306Z[0m [32m INFO[0m [2mhost_caps::ws[0m[2m:[0m <<< text frame [3murl[0m[2m=[0mwss://gateway.discord.gg/?v=10&encoding=json [3mlen[0m[2m=[0m36 [3mpreview[0m[2m=[0m{"t":null,"s":null,"op":11,"d":null}
[2m2026-09-26T22:47:11.690173Z[0m [32m INFO[0m [2mhost_caps::ws[0m[2m:[0m >>> text frame [3murl[0m[2m=[0mwss://gateway.discord.gg/?v=10&encoding=json [3mlen[0m[2m=[0m14 [3mpreview[0m[2m=[0m{"op":1,"d":1}
[2m2026-09-26T22:47:11.794964Z[0m [32m INFO[0m [2mhost_caps::ws[0m[2m:[0m <<< text frame [3murl[0m[2m=[0mwss://gateway.discord.gg/?v=10&encoding=json [3mlen[0m[2m=[0m36 [3mpreview[0m[2m=[0m{"t":null,"s":null,"op":11,"d":null}
[2m2026-09-26T22:47:46.075068Z[0m [33m WARN[0m [2minference_resolver[0m[2m:[0m configured inference endpoint denied by local-only policy [3mpurpose[0m[2m=[0mStandard [3merror[0m[2m=[0mDNS name "host.docker.internal" is not operator-approved
[2m2026-09-26T22:47:52.947120Z[0m [32m INFO[0m [2mhost_caps::ws[0m[2m:[0m >>> text frame [3murl[0m[2m=[0mwss://gateway.discord.gg/?v=10&encoding=json [3mlen[0m[2m=[0m14 [3mpreview[0m[2m=[0m{"op":1,"d":1}
[2m2026-09-26T22:47:53.048114Z[0m [32m INFO[0m [2mhost_caps::ws[0m[2m:[0m <<< text frame [3murl[0m[2m=[0mwss://gateway.discord.gg/?v=10&encoding=json [3mlen[0m[2m=[0m36 [3mpreview[0m[2m=[0m{"t":null,"s":null,"op":11,"d":null}
[2m2026-09-26T22:48:34.206544Z[0m [32m INFO[0m [2mhost_caps::ws[0m[2m:[0m >>> text frame [3murl[0m[2m=[0mwss://gateway.discord.gg/?v=10&encoding=json [3mlen[0m[2m=[0m14 [3mpreview[0m[2m=[0m{"op":1,"d":1}
[2m2026-09-26T22:48:34.315321Z[0m [32m INFO[0m [2mhost_caps::ws[0m[2m:[0m <<< text frame [3murl[0m[2m=[0mwss://gateway.discord.gg/?v=10&encoding=json [3mlen[0m[2m=[0m36 [3mpreview[0m[2m=[0m{"t":null,"s":null,"op":11,"d":null}
[2m2026-09-26T22:49:15.457606Z[0m [32m INFO[0m [2mhost_caps::ws[0m[2m:[0m >>> text frame [3murl[0m[2m=[0mwss://gateway.discord.gg/?v=10&encoding=json [3mlen[0m[2m=[0m14 [3mpreview[0m[2m=[0m{"op":1,"d":1}
[2m2026-09-26T22:49:15.560748Z[0m [32m INFO[0m [2mhost_caps::ws[0m[2m:[0m <<< text frame [3murl[0m[2m=[0mwss://gateway.discord.gg/?v=10&encoding=json [3mlen[0m[2m=[0m36 [3mpreview[0m[2m=[0m{"t":null,"s":null,"op":11,"d":null}
[2m2026-09-26T22:49:56.723100Z[0m [32m INFO[0m [2mhost_caps::ws[0m[2m:[0m >>> text frame [3murl[0m[2m=[0mwss://gateway.discord.gg/?v=10&encoding=json [3mlen[0m[2m=[0m14 [3mpreview[0m[2m=[0m{"op":1,"d":1}
[2m2026-09-26T22:49:56.825999Z[0m [32m INFO[0m [2mhost_caps::ws[0m[2m:[0m <<< text frame [3murl[0m[2m=[0mwss://gateway.discord.gg/?v=10&encoding=json [3mlen[0m[2m=[0m36 [3mpreview[0m[2m=[0m{"t":null,"s":null,"op":11,"d":null}
[2m2026-09-26T22:50:37.981402Z[0m [32m INFO[0m [2mhost_caps::ws[0m[2m:[0m >>> text frame [3murl[0m[2m=[0mwss://gateway.discord.gg/?v=10&encoding=json [3mlen[0m[2m=[0m14 [3mpreview[0m[2m=[0m{"op":1,"d":1}
[2m2026-09-26T22:50:38.119346Z[0m [32m INFO[0m [2mhost_caps::ws[0m[2m:[0m <<< text frame [3murl[0m[2m=[0mwss://gateway.discord.gg/?v=10&encoding=json [3mlen[0m[2m=[0m36 [3mpreview[0m[2m=[0m{"t":null,"s":null,"op":11,"d":null}
[2m2026-09-26T22:51:19.235728Z[0m [32m INFO[0m [2mhost_caps::ws[0m[2m:[0m >>> text frame [3murl[0m[2m=[0mwss://gateway.discord.gg/?v=10&encoding=json [3mlen[0m[2m=[0m14 [3mpreview[0m[2m=[0m{"op":1,"d":1}
[2m2026-09-26T22:51:19.338576Z[0m [32m INFO[0m [2mhost_caps::ws[0m[2m:[0m <<< text frame [3murl[0m[2m=[0mwss://gateway.discord.gg/?v=10&encoding=json [3mlen[0m[2m=[0m36 [3mpreview[0m[2m=[0m{"t":null,"s":null,"op":11,"d":null}
[2m2026-09-26T22:52:00.491030Z[0m [32m INFO[0m [2mhost_caps::ws[0m[2m:[0m >>> text frame [3murl[0m[2m=[0mwss://gateway.discord.gg/?v=10&encoding=json [3mlen[0m[2m=[0m14 [3mpreview[0m[2m=[0m{"op":1,"d":1}
[2m2026-09-26T22:52:00.593880Z[0m [32m INFO[0m [2mhost_caps::ws[0m[2m:[0m <<< text frame [3murl[0m[2m=[0mwss://gateway.discord.gg/?v=10&encoding=json [3mlen[0m[2m=[0m36 [3mpreview[0m[2m=[0m{"t":null,"s":null,"op":11,"d":null}
[2m2026-09-26T22:52:41.753067Z[0m [32m INFO[0m [2mhost_caps::ws[0m[2m:[0m >>> text frame [3murl[0m[2m=[0mwss://gateway.discord.gg/?v=10&encoding=json [3mlen[0m[2m=[0m14 [3mpreview[0m[2m=[0m{"op":1,"d":1}
[2m2026-09-26T22:52:41.855191Z[0m [32m INFO[0m [2mhost_caps::ws[0m[2m:[0m <<< text frame [3murl[0m[2m=[0mwss://gateway.discord.gg/?v=10&encoding=json [3mlen[0m[2m=[0m36 [3mpreview[0m[2m=[0m{"t":null,"s":null,"op":11,"d":null}
[2m2026-09-26T22:53:23.015005Z[0m [32m INFO[0m [2mhost_caps::ws[0m[2m:[0m >>> text frame [3murl[0m[2m=[0mwss://gateway.discord.gg/?v=10&encoding=json [3mlen[0m[2m=[0m14 [3mpreview[0m[2m=[0m{"op":1,"d":1}
[2m2026-09-26T22:53:23.119104Z[0m [32m INFO[0m [2mhost_caps::ws[0m[2m:[0m <<< text frame [3murl[0m[2m=[0mwss://gateway.discord.gg/?v=10&encoding=json [3mlen[0m[2m=[0m36 [3mpreview[0m[2m=[0m{"t":null,"s":null,"op":11,"d":null}
[2m2026-09-26T22:54:04.283344Z[0m [32m INFO[0m [2mhost_caps::ws[0m[2m:[0m >>> text frame [3murl[0m[2m=[0mwss://gateway.discord.gg/?v=10&encoding=json [3mlen[0m[2m=[0m14 [3mpreview[0m[2m=[0m{"op":1,"d":1}
[2m2026-09-26T22:54:04.423937Z[0m [32m INFO[0m [2mhost_caps::ws[0m[2m:[0m <<< text frame [3murl[0m[2m=[0mwss://gateway.discord.gg/?v=10&encoding=json [3mlen[0m[2m=[0m36 [3mpreview[0m[2m=[0m{"t":null,"s":null,"op":11,"d":null}
